sample_id,number,type,utm_x,utm_y,coord_key,n_votes,has_coords,elevation_m,Ag,Al,As,B,Ba,Be,Bi,Ca,Cd,Co,Cr,Cu,Fe,He,K,Li,Mg,Mn,Mo,Na,Ni,P,Pb,S,Sb,Se,Sn,Sr,Th,Ti,Tl,U,V,Zn
1B,1,B,690365,4167525,690365_4167525,7,TRUE,65,2.01296397168549,39603.8374202957,103.932802902106,0,293.017910634235,NA,0.198040379123785,NA,4.11943284542215,24.218457340335096,56.57467730479749,48.1280785977365,67690.38882682571,42.82318153866049,NA,42.82318153866049,NA,3441.5453157004804,1.25387854765132,NA,35.27892490396581,NA,6362.5595559639105,NA,53.96748180146269,5.290670294856191,7.75279474932966,249.78367569071693,NA,3209.41616131599,NA,1.4763965471444596,74.14502834875509,2048.7867450355698
3B,3,B,690535,4167554,690535_4167554,7,TRUE,64.74214935302734,0.15675383718757205,40667.586161728505,45.35299544897171,0,269.85972140272,NA,0,NA,3.34656344628255,17.405521407638997,58.5586926121736,28.81118768848841,46999.9853958354,36.82680471371299,NA,36.82680471371299,NA,2088.09801165773,0.797035907584134,NA,31.911126580063893,NA,1594.4101600922102,NA,14.500618616174,5.09817807237927,3.6513061290984696,276.87399388475404,NA,2968.72149097271,NA,1.3212679238565903,76.11427992830292,1537.9084117239202
5B,5,B,690577,4167368,690577_4167368,7,TRUE,70.78398895263672,0.627561270888492,37886.947486354,50.93734732308659,0,290.58946661815804,NA,0.0068087489632855,NA,3.6024723971533796,17.550297113218605,54.840776191541494,30.902454505304895,51674.205316494306,33.83443147146509,NA,33.83443147146509,NA,2399.29741729564,0.854554604121048,NA,29.9566759830265,NA,2018.38442316864,NA,18.1609915202215,4.830043785695172,4.44604866268145,249.781066154359,NA,2733.65146528402,NA,1.20805910829542,72.36884913993488,1621.1703685728296
1C,1,C,690995,4168995,690995_4168995,2,TRUE,29.11493682861328,NA,NA,NA,NA,NA,NA,NA,NA,NA,NA,NA,NA,NA,NA,NA,NA,NA,NA,NA,NA,NA,NA,NA,NA,NA,NA,NA,NA,NA,NA,NA,NA,NA,NA
1E,1,E,691628,4167069,691628_4167069,7,TRUE,99.04912567138672,0.6754405087042809,36771.6378454092,51.906259882168,0,588.3417964572529,NA,0,NA,6.81,18.1276952332647,46.57556563295201,25.8944937835521,35032.0636586229,31.3754516054374,NA,31.3754516054374,NA,6281.97120896091,1.2462336928344295,NA,32.8792035464477,NA,838.151491397864,NA,18.503979124790703,3.61525085108575,4.07052096729464,293.39680691325896,NA,2431.80736405597,NA,1.60797082031609,62.598499209664,682.1692082523671
3E,3,E,691510,4166980,691510_4166980,7,TRUE,95.298858642578125,0.6502718527739121,43342.32146371819,44.86975352364599,0,302.877074146301,NA,0,NA,1.6737283406623298,18.408549187020498,56.91202866373379,33.4997497611478,35557.5451917169,32.943636237856495,NA,32.943636237856495,NA,1807.0802514067504,0.773778157417951,NA,32.040487981112385,NA,1709.74987085175,NA,12.966346867442402,4.34999692432968,3.4589081362771994,240.174841028926,NA,3456.73726202758,NA,1.20151550053351,77.30530860055808,920.739119968764
4E,4,E,691493,4166953,691493_4166953,7,TRUE,94.3362808227539,0.649713871754105,13311.2296535506,43.6082997287121,0,117.832506504687,NA,0,NA,1.38613642726068,7.662993555640069,17.205139092865693,13.953230974906203,19395.868126887697,9.991804817313673,NA,9.991804817313673,NA,1351.6396975175498,1.66975447444725,NA,7.53468528040268,NA,927.021758048795,NA,8.669220859592212,1.27043986490787,2.66334501708424,174.46431959438,NA,842.037612537399,NA,1.6213356130646897,26.598153568412,502.549745401545
5E,5,E,691518,4166957,691518_4166957,7,TRUE,93.51526641845703,2.06222651027817,38576.8117510712,78.92178270703779,0,333.078354113562,NA,0.0948151598777768,NA,3.93558339017119,25.1590673739827,52.2860144968644,44.163283265223995,39458.2479482839,33.988994002924,NA,33.988994002924,NA,2199.353190034241,1.0187490025444297,NA,29.7759683415308,NA,3057.1320600966897,NA,23.990430790132496,4.6113633408989605,6.28494068978203,297.8406899813311,NA,3029.2828840409293,NA,1.21863309693003,68.55606447129522,1777.84053439759
9E,9,E,691514,4166795,691514_4166795,7,TRUE,91,1.71848558928212,35071.6895929075,135.56324098134698,0,239.518049939901,NA,0,NA,4.645132351800109,13.6188024192891,42.0717882547751,40.84311159047659,49607.4781975199,30.6953996224149,NA,30.6953996224149,NA,1603.4219514873605,0.788548618081398,NA,19.152878641219104,NA,2900.92223052414,NA,23.042829922782797,3.2346935436989903,10.0598077841914,186.575411873594,NA,2290.11168415832,NA,1.30138577594832,54.36315688497401,1862.06605693646
11E,11,E,691463,4167088,691463_4167088,7,TRUE,101.0627212524414,0.374531907144538,50702.7197167762,50.1944716361365,0,402.795783555268,NA,0,NA,0.6821088617364438,10.2039333614026,50.9586127208454,19.1667670858248,30041.677491135,44.55434400893029,NA,44.55434400893029,NA,873.397827107562,0.7044261844533909,NA,20.7191260074475,NA,492.6785831995901,NA,7.701916145178489,3.5023230624844603,5.605215259627738,144.058978053852,NA,2743.97736167562,NA,1.7153722784408698,69.91666541530402,305.1193965472739
1G,1,G,685497,4165555,685497_4165555,10,TRUE,131.10769653320312,0.6947928710914579,50554.595189402295,85.52141114618539,8.232998764543618,1257.8768478938098,NA,0.199490106212649,NA,3.942586472,9.94624060175749,47.51254502724739,25.3334900210879,34066.31625631471,51.07704842727269,NA,51.07704842727269,NA,1244.7774995538698,0.948580928523442,NA,23.799022234078496,NA,728.184586722773,NA,14.452190593368504,6.41680472420129,3.5483392784840007,175.278231344896,NA,2068.77569696814,NA,7.01633070481958,62.09044785526139,1167.00720550019
3G,3,G,687006,4167050,687006_4167050,10,TRUE,82.38488006591797,0.46629395069202495,36622.8549625024,55.37674806933719,5.480508196503651,569.9823913562451,NA,0.6746580834091901,NA,1.41258623654,7.2705331386350895,44.55240466930429,20.1982627599902,22144.722652992,39.01785423185659,NA,39.01785423185659,NA,1042.7855530883205,1.0178590329109198,NA,21.380201447419505,NA,558.516925675597,NA,12.038724791983901,4.5191941292452995,2.7585352685892803,190.056855341403,NA,1883.60293606379,NA,2.9541441189354,54.0266634435612,546.3372619155398
5G,5,G,688488,4168545,688488_4168545,10,TRUE,43,2.8628686061930293,45078.57959996851,38.3121657568118,10.5260607289584,336.69257925273496,NA,0.6579318239185762,NA,0.797061668199597,18.9134019207282,58.99088890407901,32.81561603474239,39658.4971383476,29.3390301723187,NA,29.3390301723187,NA,918.818749344016,0.988911177625935,NA,30.4169022631085,NA,2123.8240027656498,NA,14.2684351291309,4.625842912254661,2.89717848275033,152.921511085356,NA,2531.4324146514004,NA,1.6999947233991797,69.67487835124258,408.8479776038381
7G,7,G,690009,4170027,690009_4170027,10,TRUE,22,2.9560734507033595,52061.472433969,49.43277913782581,6.117289631673489,302.140810176104,NA,0.9339420859712028,NA,0.975732068118202,18.3753151809551,63.379310650547595,48.7100743039874,53489.969985331394,63.9088702375367,NA,63.9088702375367,NA,1023.10131143412,1.1857356054541697,NA,35.22182365180419,NA,2283.0121289829103,NA,19.8130792836121,3.2647939309979206,5.459378350452261,118.955585205976,NA,1991.82625090863,NA,1.6366368130474698,78.10577827004327,857.9188691635679
9G,9,G,691505,4171536,691505_4171536,10,TRUE,2,2.05189133743175,49816.0752853711,34.5815263678212,7.59719907587311,281.150310096897,NA,0.490958622835274,NA,0.8574235,20.183344219561793,62.0424598698783,28.730643640303292,40826.0828908577,54.6721865806543,NA,54.6721865806543,NA,657.4824226790901,0.981801440634267,NA,32.04316317302259,NA,1640.23137931336,NA,11.7351939531033,3.655071919088499,1.93891072878122,140.28695195668,NA,2152.7185339335106,NA,1.5114190402498695,75.8095133969441,520.0144307263641
11G,11,G,685492,4167025,685492_4167025,10,TRUE,79.90925598144531,0.21773818970125208,29224.704535620906,14.1149803255049,4.740555044573489,288.0211036381769,NA,0.18727694936532305,NA,0.4923220250000001,11.0510521632833,42.25039647879629,15.0440338437309,18224.4704254872,25.690474538313197,NA,25.690474538313197,NA,323.389942299122,0.667878407828985,NA,19.1568500345653,NA,261.8649172586339,NA,3.1155382226822104,3.33334685856176,0.035452827,225.263569543634,NA,1976.28917644923,NA,1.44185195436106,49.47460968808099,145.95132236003704
13G,13,G,685492,4168542,685492_4168542,10,TRUE,64.30433654785156,0.122405930506822,43540.78578005379,41.86241005712991,5.65321603598026,1025.75428237061,NA,0.16737354659012402,NA,0.41328458200000007,17.220484444207,55.049027831864294,19.1275152456809,22162.446202253905,21.5168217321769,NA,21.5168217321769,NA,337.87105177779495,1.0385358212860103,NA,28.035670827143196,NA,366.78191306228183,NA,6.251111844974,5.007643193900872,1.75721392152898,346.139447067486,NA,1985.92177065999,NA,6.2455489500553,61.2433633829426,68.40612356324372
15G,15,G,685509,4170024,685509_4170024,10,TRUE,27,0.098197351809702,39105.4987542036,15.178462059046602,9.1161978745861,702.7801268371211,NA,0.14460799387944304,NA,0.42854857260000007,11.619895762313698,47.7045799560828,16.696049466691402,17833.2941070023,24.3302733562953,NA,24.3302733562953,NA,282.412242870591,0.6455900676436801,NA,18.2447187557544,NA,132.103215015223,NA,2.24384971449564,4.476362176452051,0.06240563658575179,303.275302655952,NA,1789.4541488645698,NA,3.0207702014569007,44.60566684395971,86.2667964387755
17G,17,G,685509,4171523,685509_4171523,10,TRUE,16,0.4280257223900741,40324.189628627,24.267666082771193,8.55721260983465,439.5733077230139,NA,0.270786234856378,NA,0.7622254831112539,20.434278196841603,51.91926311504529,20.689901759272903,22550.4286211353,31.736692853250094,NA,31.736692853250094,NA,419.3527411948401,0.704222112654359,NA,22.8155012422294,NA,515.5883577702891,NA,6.1503014128223805,4.61078598415433,1.39041129800555,222.633776643669,NA,2133.833740230301,NA,1.95811077255712,58.3657798132042,216.036104553218
19G,19,G,685492,4173040,685492_4173040,10,TRUE,11,0.23721058793325,44543.3477969364,11.983686742986205,9.08611001361644,379.67628346018193,NA,0.233179661284864,NA,0.378542139897422,14.4536783702743,57.7717927462605,23.4813255914548,25897.530927591997,43.37799557109559,NA,43.37799557109559,NA,581.4501502961,0.986257707088692,NA,29.6350746301117,NA,315.78246388646306,NA,2.90208760226686,4.31853889112334,0.0215456122356412,356.70822458162894,NA,2151.4452807166094,NA,1.9109837689124896,66.2562744805347,94.9350464001232
1L,1,L,693006,4167491,693006_4167491,2,TRUE,43,NA,43039.5240966255,83.8027416112179,NA,346.5227801937811,4.85423630065166,NA,64817.473119543,6.98856522800438,11.741992842285798,65.5092916526658,147.379442233324,84055.25950312958,NA,12352.0906948444,NA,13212.1384252776,5119.423007306879,8.579875816164042,1.93873212788597,33.96750943573309,1096.78007498901,3519.26001189991,0,58.1557327436912,2.6715309989525804,NA,172.97410721115597,8.11700105748674,2059.6707007783702,0.974285682729942,1.66229765631427,73.05528022555119,2929.74112355689
2L,2,L,691276,4165982,691276_4165982,2,TRUE,125,NA,46102.6778464624,351.22896529663393,NA,155.061103995594,1.55863954502526,NA,2201.61014761777,4.25167954633095,2.5185164894942695,56.037252002328806,91.7985103250867,81748.06170945821,NA,13897.381917337,NA,2579.5435154373104,188.230012384652,0.888115097481395,2.49774338713713,6.4381942935163305,924.555091190592,4920.88401242135,12149.552486832104,36.3771583282111,1.2404272565364298,NA,49.9252035829822,10.8188969321537,2079.68604695741,0.910434352976278,0.860038343800444,82.01601432854821,1576.64835501611
3L,3,L,690833,4166575,690833_4166575,7,TRUE,98,1.50626741053826,45535.9340016031,173.031594927909,0,279.938965093867,2.7664843618930703,1.7050438715027905e-4,49560.62846308569,7.274320412203551,9.285904021094549,55.9209215449606,48.854238506958,51260.2719923009,39.391912169196495,12117.007680942996,39.391912169196495,7550.13492783361,1419.1737888787995,1.2309795120919698,1.88421655416034,26.6225905588386,1179.8240958033098,3380.78459907843,0,29.212585636733895,2.1266562015915302,18.203776685211295,172.27956089835092,7.493938889475009,2306.55486785021,0.8157058653386671,1.17489618885533,74.18985740445999,2524.50398166258
5L,5,L,691087,4166303,691087_4166303,7,TRUE,107.95724487304688,1.73436241388989,32254.4822779302,491.59236852721494,0,165.76597676211796,2.6066297333822597,0.5356342426610972,10285.1526187004,14.413570016916,6.96164314770625,40.3263246923081,99.08286523829668,133241.872526445,41.1242658957589,8879.0501516178,41.1242658957589,11178.261124298198,2125.05069236942,1.0832631557928,1.3024080860246898,20.180579065873,1126.0204835179998,6272.18873804744,10787.0016352167,75.8029486383459,2.77704261748652,13.6783486874642,72.5345678806507,5.124250708904949,1834.5330310368297,1.26829046730289,1.22427596106908,57.767263399121205,5387.872921558872
6L,6,L,691820,4166660,691820_4166660,2,TRUE,89.1846694946289,NA,20074.15977967569,817.9933017694881,NA,172.303448795332,2.1297934657155104,NA,20077.8368980899,24.5930212165914,5.313363945082181,26.986081605079196,211.689335683415,127177.00145861502,NA,4858.183732320749,NA,6759.097206251621,3037.82270832356,1.55290496897286,1.1860658441197305,10.562414135719305,1231.9368713453405,17078.3200953984,5429.45184200542,50.903981159820994,2.87952434049967,NA,100.04647219985598,3.3158291255685692,851.5406724255179,1.00250398465458,1.71195688425395,38.0184003252149,6006.1100976895505
7L,7,L,691838,4166689,691838_4166689,2,TRUE,88.1441421508789,NA,22339.137529365493,1246.43699839917,NA,96.8999270379036,1.0323535043972305,NA,11827.7583563536,15.829112271423002,8.447401309378469,32.2752076222077,160.834919408154,141796.31190286702,NA,5317.713216677921,NA,3371.1847178793305,1100.87552591854,1.7432576407504798,1.81429409195585,9.510951181544398,957.768245259764,26440.729070059,4863.32408011015,32.494151115999905,3.5053638585083005,NA,74.14911308493902,3.9521973212516,1165.2522463274197,1.35012503747489,1.83816878105,41.2150106979422,2935.5087409141797
8L,8,L,691213,4166323,691213_4166323,7,TRUE,104.2776107788086,4.17119197269677,49938.6799545829,432.049465260504,0,354.51637846946795,4.0122366883950695,0.2544484798137501,16805.209463901,17.8755687551862,10.5740883404523,53.090194874150605,92.9920573292044,120580.254395403,30.906346830220492,10200.061189436998,30.906346830220492,13817.159808110202,5207.57676635256,1.47753586929223,1.83883682709978,25.780154923460294,723.596625692391,6778.366260371462,4206.38715885754,65.9124355669828,3.0928416720541696,19.2386891254345,95.99388053856568,8.07641048273441,2209.53443978921,1.4352137020503797,1.8947452857846896,72.45150914631981,6361.113473953501
9L,9,L,691208,4166300,691208_4166300,7,TRUE,105.9448471069336,1.8572821858872104,45476.98093282831,463.48993515925,0,742.473906203973,2.48344571167168,0,31188.4136923684,10.0222825842757,9.696908702742528,52.852576770385994,71.1949988818982,98189.31220711608,28.1641599890276,13514.6463555455,28.1641599890276,10214.874703732,5450.051214570181,1.56066831010322,1.9156253686428697,26.709249196094294,865.9726151878689,8684.27823325265,0,45.66475493204491,2.648354855346551,14.2654303877134,116.986103760585,7.3957533804752895,1908.55968931994,1.2997818562909698,1.6048481069465503,73.58803299011919,3878.89698074319
10L,10,L,693006,4167491,693006_4167491,2,TRUE,43,NA,44411.064360788296,35.06148855900129,NA,330.2815180219639,1.68581730965064,NA,70495.62241482451,2.4598032348151393,8.91170248462754,51.58461735970839,23.739137035772096,39767.199130794696,NA,14962.3983967951,NA,11428.568753480598,1757.2514448313896,0.962328752813422,2.5811954426389003,25.98882285418999,909.995805485188,1058.58776023348,0,7.57757988374045,2.46108791798164,NA,173.23450725198796,8.263210131025819,2811.1198563484904,0.60770671270975,1.4908415782146398,66.7076267136278,835.821737305878
11L,11,L,691206,4166281,691206_4166281,7,TRUE,107.00074768066406,11.0669710377771,35703.91773061059,653.034710343354,0,127.40731815786398,6.397248933565289,0.573115044390047,21602.3975853677,16.6120816089357,11.314537587440102,44.7419443390784,199.71507248632295,170641.66713326704,20.0581044343462,8681.40847886017,20.0581044343462,8539.298652269881,3421.3208874408797,1.1193179444201502,1.4122008752821698,25.1791661847056,699.7273295636891,10952.0175945918,21995.655411390497,106.241949556484,4.030639038448601,40.27189267764439,72.2228984754122,5.8201616106776,2523.3977050625804,1.7581934953455798,1.83145098154078,59.9817032035537,9320.33673834523
12L,12,L,691098,4166125,691098_4166125,7,TRUE,114.98580169677734,1.83758654960307,42614.826319817905,374.1790416803961,0,392.587035823034,NA,0.591189913263341,NA,45.5435938633388,23.500078128647004,75.09712598343812,895.030814413386,95296.9052868012,44.068602451393794,NA,44.068602451393794,NA,3104.0135788513708,1.72929266919754,NA,47.9559320187496,NA,9260.556530279167,NA,100.89641282685898,4.5723466260302,99.00334258742416,176.16397644955197,NA,2921.8220542343306,NA,1.5224624981949797,77.2459749108143,18148.482894548008
14L,14,L,690828,4166287,690828_4166287,7,TRUE,110,1.4031364571925895,33712.45611974091,109.443954776786,0,419.226691328646,NA,0.19338754200857597,NA,5.865571639763909,35.09815422570891,51.80660151341399,56.765056542592106,38992.52308255949,31.0717415580807,NA,31.0717415580807,NA,2432.1341477646397,0.7901117452248618,NA,32.5292406568714,NA,2361.3042002308603,NA,20.784906132570995,3.916672474308209,6.702507262360739,301.412127826435,NA,2737.3896068931303,NA,1.14164260383833,69.281883077965,2409.9805720838704
15L,15,L,690825,4166322,690825_4166322,7,TRUE,108.8284912109375,1.22437344256654,38746.1732465731,93.05609313352387,0,295.047684406691,NA,0.23842058722305895,NA,17.328559333515397,98.98708823515688,69.32748880721878,75.601346953113,52794.53656029481,41.9271955541772,NA,41.9271955541772,NA,2070.11924776026,1.77492243852807,NA,33.436880849700295,NA,2480.361553579431,NA,23.9765743666158,4.63961033661023,22.938220720138297,259.970880102009,NA,2917.13282637285,NA,1.50327256333307,71.8302354140095,7514.968476439861
17L,17,L,690905,4166334,690905_4166334,7,TRUE,109.05921173095703,0.03583176872890931,44274.0642395155,91.0442673264205,0,625.886149442322,1.98108190120459,0.13436385902946002,74537.81673999439,6.089546369949409,11.9120792040127,54.4230459228604,29.476082200009195,46659.4333708726,39.626517090596906,18126.022538301197,39.626517090596906,19083.8181037825,3388.1280853850594,0.961063051471348,1.61557110007025,33.03626592054081,897.2458261376571,1605.67865864635,0,23.532503783469796,2.98669995151519,4.201903989017561,140.51119421389697,7.265699796076361,2142.579322894921,1.1885204237334102,1.2024378183296498,69.34529421665049,1861.85954986096
18L,18,L,691456,4166647,691456_4166647,2,TRUE,92.05085754394531,NA,45443.97835297821,118.35247229494998,NA,201.677828971687,3.32708612140273,NA,13359.230655301904,8.846143578763042,6.883491701184311,45.440338067997494,30.0948010709491,87815.61497743831,NA,11275.8989495712,NA,4545.562115258661,921.007129401372,1.0441058236289302,2.101324764925351,24.755543401001496,912.544850217128,1761.90212819521,5842.192504916861,19.5014628422194,1.8872135547337603,NA,62.07412694458221,6.840042780452231,1995.65275583684,2.187397328930951,1.7336161183376098,62.3255349279104,12195.485287132002
19L,19,L,690897,4166488,690897_4166488,7,TRUE,99.2713851928711,0.6971610713567499,36453.8097977181,77.6972001353362,0,348.0763176746769,NA,0.0171170329123175,NA,5.39992472508431,22.6052045026035,56.9391481786027,53.7626051890845,50782.3398326631,32.71470576974249,NA,32.71470576974249,NA,2578.39516140676,0.911149276347306,NA,33.141858862915804,NA,1961.58286293506,NA,20.784720331028293,4.72906776383545,7.046433114113602,293.739196003393,NA,3176.42078231104,NA,1.38371158440735,75.37185368020802,2147.1735998466
20L,20,L,689641,4166294,689641_4166294,2,TRUE,134.92022705078125,NA,17162.8432346724,178.05672935371803,NA,210.64695188241305,10.5966104103378,NA,124326.579944809,4.08917234031024,6.579669555444922,21.7633806998035,22.5013284217899,198056.74708027905,NA,3110.2027472571,NA,6566.730214883591,16829.6360792594,2.2661566565915203,0.46825061320620703,19.8135682742268,886.602059979559,1389.9481326763598,8232.186980981767,15.5090746298322,7.032673935982471,NA,475.6847005577581,1.81956772878781,903.033514132856,39.1549099487722,2.77562042004723,29.892793233510396,2076.27972986643
21L,21,L,691028,4166000,691028_4166000,7,TRUE,122.40158081054688,0.155176254535507,49402.05195392891,57.22294932242041,0,82.13089893659817,2.45410066029844,0,138779.461850831,5.344800815538469,10.7082843166047,49.44020912926799,28.327285951846903,81612.79207217708,42.1795039621621,18015.674532468496,42.1795039621621,12475.468106843598,5921.857634559122,1.67003839989935,0.9050909185764802,27.2768602295386,730.0146840623211,3124.363196304471,8678.979995631558,30.6793044907381,1.6495484379562002,4.1761605628476,503.072178557957,5.066134316467159,2472.7398421546295,7.1312724822692815,2.49593822893022,61.29225377240301,2017.33738556234
22L,22,L,690985,4166022,690985_4166022,7,TRUE,122.32274627685547,1.91625244623714,47101.24335193819,81.14584156100119,0,312.488041709891,4.012482358135019,0.711693746681066,58149.62825943671,6.857547119865289,10.906433953756602,53.4997603751055,41.239400276497,89637.86172893553,42.13973863528571,13581.2275226777,42.13973863528571,11569.370815480795,3436.0649211342397,1.5352982395331698,1.69697826503939,31.012798643339895,669.2306894194429,3554.96401391986,0,19.951735337672694,2.6925465112157196,22.7414557413446,151.12078811798503,7.423272879036399,2024.8868917241805,0.743701319794098,1.35860497442914,76.87511206813879,2870.6964528364106
23L,23,L,690988,4165993,690988_4165993,7,TRUE,123.32861328125,0.640325222691913,13433.5636779093,207.75591611527705,0,92.013897404863,16.66249328412029,0,4731.60100123233,7.027057467342009,6.018718266340478,21.9011974529458,40.46166186767699,349640.661295363,22.864000343793094,4061.566899609669,22.864000343793094,4814.7068151931,7986.539905423651,1.7504430974926697,0.356838351702482,11.2995344541513,538.8335113958769,42199.510719763195,5950.46344995685,197.53401884668105,1.1277257650833998,5.362884155898799,62.5742628085372,2.0839890513685906,938.871401693131,8.30409452711002,2.6092805338597698,34.34080494666159,3284.3887549696196
24L,24,L,690134,4166163,690134_4166163,2,TRUE,151.80931091308594,NA,21820.67354033079,398.697581944598,NA,97.2046688634181,37.8131627443022,NA,11422.1986253781,29.340669530051397,11.966866104386902,33.09704947741439,126.775299078778,337071.718892056,NA,2368.8471849785906,NA,16394.6973244346,13608.599979623796,1.39748153200013,0.457298772030175,21.511811992288607,331.140571963439,18751.012556981892,6754.26716384502,32.6195743721904,4.23087217634377,NA,59.9657079889024,2.2072396216677106,1119.4440004522,1.6946366425759,3.896663257139179,40.82573819984891,9137.75340860368
25L,25,L,690233,4166142,690233_4166142,2,TRUE,145.11151123046875,NA,29661.6710671146,530.581027443864,NA,114.807501689886,29.992394337895497,NA,24162.882218497496,22.6922887243647,13.8207238357657,56.1693270997088,81.5573612432057,238085.467852911,NA,5312.91230631602,NA,12610.7166152848,12757.543741624202,2.07811136396981,0.9489821656869888,33.5511835955058,884.9218914960039,24300.649398897596,9360.493683300929,9.317871476170447,3.4556421542924096,NA,98.344142662408,2.6258217457393207,1455.23497128467,5.696885372504929,2.868724998447331,56.13715062852751,8703.552235657267
26L,26,L,690300,4166144,690300_4166144,2,TRUE,141.0492401123047,NA,33759.05832222651,705.999712845777,NA,167.35039714352604,7.563758763512371,NA,26098.693965562,15.684986030489602,10.125083388287202,44.95057102798019,58.20161445146648,196725.908799524,NA,8684.079040056571,NA,7168.106038042821,6745.6557119790905,1.34546004884671,1.10972096415529,22.191939954293,266.889572430797,11730.9557013372,21183.75149272681,23.841880798038407,3.4812821685987996,NA,87.94425511912411,4.286964785375881,1434.2485233909802,10.1440726948687,1.4467552553641296,59.75894883225991,5607.56091690689
27L,27,L,691392,4166043,691392_4166043,2,TRUE,121.50108337402344,NA,42630.9199635249,278.28465139295605,NA,79.48992989120772,2.09809113679534,NA,17836.061298873297,17.869456051237197,5.43885808136621,49.112696692483496,82.04302976845591,122888.467602618,NA,5380.9478670155695,NA,17152.2815685549,1419.5347475406,0.9523920078259328,2.6660984831072096,19.8564512111038,501.843763443247,5303.930502233299,29603.9332803708,42.3931614130751,2.8197706568014502,NA,54.601966904751,6.422929963907209,1789.1664822121895,0.738374060198607,1.2243843423120897,65.46087416951791,7304.29080717162
28L,28,L,691626,4165994,691626_4165994,2,TRUE,109.87755584716797,NA,33981.7767472238,737.978113631956,NA,180.33441788736204,3.4092883742071796,NA,3657.77532616021,6.985722686248261,5.627314845064778,46.2260273845024,160.313052280674,185428.668632228,NA,7462.732404411841,NA,12084.2333949629,1470.61457048784,1.2330902505770596,1.2437291439016598,16.2810977292159,797.615969623676,12618.5640224298,9515.53740532331,101.47278973780598,3.4142385479106903,NA,44.12615063440221,6.0775185500895486,2235.59424303663,1.00058826010795,1.84626615154733,58.6582169201624,4850.70827370453
29L,29,L,691655,4165959,691655_4165959,2,TRUE,106.84323120117188,NA,54658.87848947861,83.59474143775408,NA,181.46939346209905,2.4071302741054708,NA,57229.29722170739,29.093046147344097,13.3333668460243,66.07152638104732,39.519771994558504,82774.2410274101,NA,13618.9120464838,NA,23202.231376296797,4991.80365617666,1.6254522610716102,1.5425759040908302,33.46462907274439,744.1390503001561,2249.932332710591,3427.9533749669104,22.294444209134895,3.68208829728076,NA,208.364156249084,8.24501816612936,2967.8739462306507,0.9185633867021048,1.64537367442194,83.52413580488118,7167.881216083561
30L,30,L,691089,4165116,691089_4165116,2,TRUE,188.20770263671875,NA,34204.7525901101,765.196003454269,NA,129.63270840203103,4.37549565270872,NA,34887.251856977105,46.2852630359993,7.453409429248531,47.44560257731769,311.70070228148296,129755.76604877198,NA,10029.6095012061,NA,10466.662432936902,3901.331096955571,1.1527616113814898,1.22855702331242,17.781601144901195,755.052409029107,9325.955360055028,26770.314346696796,81.98217818187389,3.68391703413992,NA,115.735460846225,4.98994205926894,2287.37847197592,2.16884927137019,1.58440462384634,58.58582603713239,15331.5173553536
31L,31,L,690372,4166090,690372_4166090,2,TRUE,139.82363891601562,NA,39122.5254790594,215.175830118227,NA,142.630938846876,8.153496940104192,NA,31359.849665431695,23.5051816665304,10.8414383303572,53.1646134797789,61.4589883051909,220479.39797003803,NA,7898.47316755284,NA,12355.9099871347,21927.0862270446,1.7455216394638398,1.0660432673676898,24.390110890478,719.7402199129589,22650.628104250805,4469.383575013981,103.423068845946,3.8962314842434496,NA,128.73245087069702,5.16439939088139,2296.2305485484203,2.32635445546649,3.0565622790150795,59.280809953508,8496.118557355532
32L,32,L,690423,4166198,690423_4166198,2,TRUE,118.59949493408203,NA,23200.9129980302,899.9518377849288,NA,122.490424957635,1.9136802431610695,NA,15388.796194984398,3.15945710812041,7.306629962972721,40.300099156636485,297.357568752123,172026.90530389,NA,6405.0437140008,NA,1812.075205995,390.35765521041105,2.01121065686204,1.2897016429345296,18.303440525233896,449.4809627056749,17849.666893800204,27734.9493089236,53.26038901276981,1.65131842564749,NA,80.8083678848784,4.3407282223456205,2290.96079703565,2.79388953105023,1.42314542836594,83.95479603868849,4423.742106413361
33L,33,L,691194,4166743,691194_4166743,2,TRUE,87,NA,51268.15463933611,237.758639675375,NA,382.4760500599899,3.0564057314818496,NA,31447.663656628694,9.552032173345433,13.2986161752974,70.42846394360771,141.58770780057404,92468.3045573478,NA,15711.552341132205,NA,11003.4884292504,5577.46285632965,1.6863580275448802,2.745939567404351,35.1610932511891,1043.81854336442,5180.9851795001505,3814.9952965204006,56.78848107745729,3.4354694662091494,NA,153.76661029736596,7.205639472900111,2793.1758146073503,1.2100868577273498,1.8815507507725,83.84765426852901,4593.3939607292
34L,34,L,691172,4166760,691172_4166760,2,TRUE,86,NA,39235.6970060388,91.66889033424587,NA,207.486799494788,4.0607014709732,NA,60862.4622834176,3.87326584855173,9.15207854282108,46.80177541564579,37.2768577807668,83903.7196345923,NA,11956.4946648774,NA,10437.743591466202,3038.19698245053,1.24461030950195,1.5163935775093398,24.750907643478,429.06940385605304,3207.8806126337704,463.914997550826,11.201899813563,3.4675248253440905,NA,91.3819626807746,6.49855103559078,2269.3766979719503,0.5065189715322989,1.27900150679573,63.523218961519405,1749.33179019407
35L,35,L,691126,4166594,691126_4166594,2,TRUE,94.15696716308594,NA,29051.4385914772,232.08518582985795,NA,272.070838773947,5.947761831176821,NA,67187.6947250904,19.683404765226,18.466987491423698,46.484089974917794,247.46705592434495,170093.27582051206,NA,7457.44631563364,NA,13847.409914063495,10835.119312506602,4.678682191547701,1.8642745148938,23.137944813757503,513.999918997436,12379.8981688245,6079.1498988943995,109.931443146445,3.803867534035019,NA,199.79104466543305,4.31196672123943,1921.4023557469104,1.6287319428504798,3.1969944595409103,128.065843026405,18105.4802072333
37L,37,L,690383,4166372,690383_4166372,2,TRUE,113.07088470458984,NA,27052.761413154207,228.64325557159395,NA,171.14889556057398,8.307364453035419,NA,66295.399201715,20.319365404288305,13.1602368976955,44.411947643695285,161.221220595811,187323.57880130503,NA,5011.882125372301,NA,12906.7180036957,12359.124290333702,2.3006976981244,0.756721189414632,30.3029352694013,826.3870275814709,15895.0943138179,8936.11761533445,97.5007462662586,4.862637007328639,NA,223.23543688023503,3.06815697146476,1292.11108575103,3.0145956600893,2.8840512851204103,64.98988931020189,7871.725020078961
40L,40,L,690712,4166829,690712_4166829,2,TRUE,89.56510925292969,NA,45217.972403004,133.44379659051697,NA,247.264238261593,4.256508272010449,NA,47833.2577038455,10.1429160981856,11.789824219042902,62.689621547398794,56.4781561618045,97118.21822852,NA,15638.376823258996,NA,11962.4465654364,3494.75915538971,1.33921951079396,1.9374957546860896,32.64314622045931,639.131861354022,4287.402267709391,2103.45104971956,3.3531909643482596,3.9755204935404,NA,106.623489744869,6.5895347043086305,1939.28069807085,0.7546673756813239,1.3229108829815002,77.0703540690524,3776.11739576126
41L,41,L,690554,4167223,690554_4167223,2,TRUE,74.26738739013672,NA,38153.465030490705,84.30336397245799,NA,278.53120965630296,4.757159295012181,NA,42931.48383526631,5.722208978599229,10.3601274268447,50.77488355962079,37.96170896568359,82857.8437868945,NA,12431.5698510868,NA,10869.4373542712,3225.63716018326,0.8224635303060539,1.9659226998422696,25.902031889868496,419.9314212450239,3329.10681223965,1995.55035252561,18.2343004675235,3.7998751078333,NA,94.92959515748409,7.32574618595648,1949.10169625018,0.6039834429522348,1.3888235992724698,70.71644231320529,2129.51774771703
42L,42,L,690981,4165197,690981_4165197,2,TRUE,177.7259521484375,NA,36497.2109511083,974.1766833707552,NA,185.85828816868005,1.4833728222144698,NA,24693.272579351997,14.862881268334302,5.4610381912276615,49.858952733443395,200.75400788699105,132516.86105889297,NA,12952.9094943338,NA,5176.95991708359,1066.59373734554,0.854517879057676,1.73097336232176,10.023986844399602,476.94600891455394,5940.90670662466,41930.5304980703,45.63451491286771,5.345921254807879,NA,106.47589286702498,4.9108638846572905,1472.2040343590695,2.5358763961589497,0.925133003998908,60.8033159580362,5202.34349757293
43L,43,L,689677,4166849,689677_4166849,2,TRUE,86.41595458984375,NA,28232.8764294941,289.95924780533306,NA,89.94760159418011,3.283713240014391,NA,73858.84414295851,23.553869686711295,12.6285424933871,39.5545792769694,88.00007634145477,181357.086181381,NA,2609.3550716023506,NA,16341.935099695798,18363.7513021512,4.4006173606370895,0.497145541362376,29.268104416174,674.477556836116,14556.1577968639,13920.311351011402,46.51658451702049,8.779464270059043,NA,117.92981381517,1.9286288426650495,942.6806953428772,12.886800575954204,4.0667384066354995,48.195576955492704,7635.883834098931
44L,44,L,692816,4167644,692816_4167644,2,TRUE,43,NA,49299.2708686224,69.2608473096787,NA,247.032251222608,1.5608143181931098,NA,81184.48183402378,2.39931237798951,9.683062566908191,63.19053423313471,34.0033717630839,55029.790617472805,NA,14414.857320014698,NA,10826.8534978039,1337.6956721236802,0.964357101695454,2.2705631205241597,26.778020815753997,947.743731891481,1184.02433140979,2050.7797267086,12.3833795044936,3.6573139804683303,NA,171.531914529495,8.30766370865334,2108.8041992030703,0.6571456731329771,1.4555499670008698,79.23965171775119,1209.2554994027803
45L,45,L,691755,4166934,691755_4166934,2,TRUE,83,NA,34565.72198733189,83.15520299741848,NA,272.27967818174704,1.85769052087479,NA,118829.617273131,4.52735826299966,9.502834834150612,50.7192200850599,55.3678495425593,52287.668715252104,NA,11341.713531252704,NA,15262.6469977502,1981.33895523123,1.1718992185585797,2.2171984136424303,23.917819399994404,633.0688961874399,3328.64896927644,2217.98444558135,22.227134333812,1.75761810003235,NA,253.40724693704104,5.345095886383489,1669.348341023,0.647746162845178,1.45411829811632,59.9350938641775,1780.81719565065
46L,46,L,693059,4166872,693059_4166872,2,TRUE,73.86078643798828,NA,39634.1456097488,36.396217296131006,NA,278.38915594953096,1.6398721203161202,NA,82532.7224949625,2.60614765201944,9.481274817980262,48.614393617283895,20.329929294551498,45053.94340828,NA,12632.8443098901,NA,12430.8659223161,3003.16016706409,0.733018902115089,1.9917444026900095,25.382576671066293,415.1673729677779,603.3269613405529,908.6753604276352,8.5381672150776,3.947581805888,NA,154.994819932266,7.45680505514772,2249.42887197003,0.5022524521176329,1.29078066588818,63.50407350323319,873.039267543782
47L,47,L,690027,4167886,690027_4167886,2,TRUE,56.75069808959961,NA,36903.4900680531,438.568749731933,NA,186.44707940916797,10.281947462993998,NA,17018.821439846797,18.459484765304,11.136294935105202,48.1313602444424,186.359342861858,197620.27175213705,NA,8371.92054992304,NA,11734.625951691,4434.358621400192,1.31854843796969,1.70845370899299,24.062132602064395,432.957247545696,20312.3508135185,4961.60874962891,66.62390488349448,3.96170107744881,NA,76.6740076008762,4.912855357337398,1849.37296442169,1.58127610712631,2.8178799813701594,60.76647284858331,6088.54794178616
48L,48,L,690664,4167358,690664_4167358,2,TRUE,68.657196044921875,NA,25149.934310264805,575.0710090685151,NA,173.70541474366,12.620184368827,NA,5257.397428773241,17.361116749501296,14.982599927647604,36.271510385813,316.56437179954503,277094.86968086805,NA,5669.825706489241,NA,8942.3210792122,9708.773898198211,1.9485116570094496,0.8777848667664061,21.035914571818,514.157608549215,48217.314811144715,5682.74621309418,195.405394293094,4.787852405404251,NA,34.7898409436202,3.5275569053725704,1276.10976876903,1.2983507204758802,3.9587837024433505,52.95016831007591,8976.048811039751
49L,49,L,691229,4166597,691229_4166597,2,TRUE,94,NA,51358.814508188014,84.7434665424626,NA,235.17140698045503,3.0255854759807197,NA,72323.657208127,3.8775734375542097,10.736344801013798,63.66095335987401,37.2907953153122,63222.7766695769,NA,15271.1989117727,NA,12589.3999476961,2037.3170507501104,1.34058155951715,1.57107790309844,31.4645371936927,1141.23850600149,1996.69811172071,779.1894325468993,21.035408248339596,3.224624771005971,NA,203.07236488184697,7.037040612574831,2148.9241436923403,0.7367167014924989,1.47003444594583,80.14646397790891,1481.62285589318
50L,50,L,689998,4166526,689998_4166526,2,TRUE,105.05171966552734,NA,30255.274310407694,116.938682763854,NA,284.719605555427,6.34574528233147,NA,76828.64340844631,13.6959198837064,13.6304316386613,50.977908901347995,82.1672716275455,154745.048024548,NA,4757.952721113131,NA,14951.8460333663,8201.511458071933,1.57205414241204,0.6643812196689249,28.7048100702852,554.3279038659828,8173.4130271369695,3663.62706453433,33.3147439289216,2.85126608163707,NA,406.7952569850189,2.66766273070004,1560.58098118695,2.03053294499768,2.3336781270816993,57.3929258656395,6273.369502660401
51L,51,L,690539,4166643,690539_4166643,2,TRUE,112.62153625488281,NA,35910.957870866405,291.06087687133703,NA,120.595651279484,9.71788602207668,NA,22799.601294283,17.72202608497309,13.1959063559104,57.935856006892195,62.23627291606841,177610.23324933506,NA,7659.661495903981,NA,19356.44379872241,8773.659874186249,1.17688386504342,1.0200609743355402,34.0507718940913,448.066841743578,6052.5070652103195,9447.791562527282,84.6758730953484,4.032648389183981,NA,81.06296669977012,4.4235466364854785,1967.8442066349296,0.958957663955821,1.7692738352884598,64.1791147634458,7162.280902236999
52L,52,L,691245,4166556,691245_4166556,2,TRUE,94.148162841796875,NA,47165.3483679357,83.800054726768,NA,283.76045621876,5.083274756686289,NA,58569.340172117,6.20607732845773,11.7578307596393,58.9365178431663,53.704721225197,90727.00479896482,NA,14803.1885516842,NA,11927.0356933143,3527.417706234951,1.41491011623031,1.74432570014165,28.5279543773819,463.96197437031896,3542.9130851157797,342.03902603097896,27.4388196916826,3.90725801034773,NA,148.27176043423898,6.768144246636958,1703.9256335362202,0.632101296945927,1.37766562359851,78.80252283227878,2968.893577673541
76L,76,L,692701,4167390,692701_4167390,2,TRUE,51.79990768432617,NA,39473.999832429705,98.052610629445,NA,317.085283278844,2.3247584296404793,NA,83547.8220166604,3.95759910667598,8.450806168602831,48.59619841039971,32.72003919491531,46523.4756464856,NA,12520.560987043598,NA,11343.133745102004,1843.4877676465303,0.8745596460225942,2.0251464422196,22.086649968927492,707.2138402657101,2128.8711891175203,443.534895329372,23.3221616085492,2.8285218121006106,NA,185.441757659924,6.76587713737107,2051.47582032035,0.601161536748899,1.41235041210727,63.542744740682295,1234.40121453465
77L,77,L,692708,4167402,692708_4167402,2,TRUE,51.81931686401367,NA,42663.32372978329,109.41288737606098,NA,291.539968416126,0.908221957883834,NA,75450.8805057905,4.18566647181502,9.37104678328028,52.149464644668896,35.92642717741769,52784.35340720681,NA,13065.1349111479,NA,11278.7676316565,1981.14162185269,0.916976146826775,2.079061639718219,23.875027532428096,607.343494573459,1860.71345890848,553.9182308188971,22.298752886634595,3.3866046981677997,NA,168.54516400730796,7.40500665593141,2240.1406652923797,0.5682764258442549,1.43729353143139,69.6846517226172,1392.62256636424
78L,78,L,692720,4167416,692720_4167416,2,TRUE,51.000770568847656,NA,37534.0199629401,103.980410221422,NA,352.0154262482859,1.67838642009449,NA,84660.09629664599,4.4391848310359885,8.419640534356802,46.478571880098,33.7100031773758,49352.23347458819,NA,11961.3900160057,NA,11355.965283955598,1963.73788233352,0.957082765297584,1.9153863305953,21.6622771038727,600.1751165586131,2547.17021125724,616.2531272666141,22.425281578595097,2.5600630557403705,NA,189.05089404102,6.569916326984998,2112.10631810203,0.5543203988031871,1.3737244413949696,61.456290193130094,1381.83926737427
80L,80,L,690266,4168237,690266_4168237,2,TRUE,48.954776763916016,NA,35877.336502893304,20.5292794828502,NA,194.26794008787505,1.4256266341642596,NA,112252.51619501298,1.20247303953849,7.51372976178554,47.647055758155005,24.9208284627416,30781.007842693103,NA,12541.014377571702,NA,11441.7816215225,806.0401064537219,0.73112573910911,2.2306594562866,20.501907047051603,685.0565641055678,953.645045080605,1564.88068868711,5.69873528276886,2.4415768085563005,NA,256.38453008596105,6.056285267162899,2115.58802823224,0.49989418775361005,1.29351247605465,55.038371247570915,439.248785870568
81L,81,L,690275,4168176,690275_4168176,2,TRUE,50.237552642822266,NA,38159.979087167296,23.1244851528213,NA,215.16645165455597,3.0273297179039607,NA,118922.35145464302,1.29170063929106,8.16127851232522,48.94792040335389,24.950143932285496,32188.2583425428,NA,13275.3955603636,NA,12236.055319450596,838.927572244936,0.8036270074002951,2.3762506542676696,22.0211602476346,746.9847297839939,917.388248017294,695.8318508357809,6.563943268975679,1.2315840437219898,NA,276.148479868018,6.65082444140392,2171.8961722546405,0.520969855738297,1.3995486453228998,58.65210796143249,463.396890301942
82L,82,L,690286,4168114,690286_4168114,2,TRUE,51.895179748535156,NA,38575.10260108319,25.26631323179309,NA,215.116229292911,1.7867184205616902,NA,119501.199106096,1.34038948948345,8.42976104309428,48.424346230141005,24.8244955201732,33141.373010587,NA,13356.311943682398,NA,12169.000268848602,923.12475433597,0.8720160179111761,2.4321283238015097,22.559565656731294,771.944786914725,988.1714515266502,822.98415291575,7.539723167965151,1.5274686959703196,NA,278.23729651894797,6.1975724634561296,2194.3773029110407,0.516927983205341,1.30960756815861,59.0915925880003,485.2351615751299
83L,83,L,689942,4167106,689942_4167106,2,TRUE,73.50689697265625,NA,39126.624101744994,30.919220163413502,NA,229.33478791914695,2.88761408153122,NA,69133.42335454121,3.21517561859225,9.511117827566991,49.858624959109896,32.31124466840248,46894.07632897251,NA,13505.4173120457,NA,10518.113902206402,2242.04538971441,0.9850129910263228,2.17621250695748,24.511807134480105,686.2001439684401,2122.83886739438,588.8638512725471,6.7741590822615505,2.79814008372271,NA,178.490697290834,7.14529690103489,1910.6778460967896,0.8698654440463001,1.62141032592804,62.95678569106909,1220.1107571789
84L,84,L,690351,4167277,690351_4167277,2,TRUE,69.51712799072266,NA,44669.2219373442,39.55084230733209,NA,265.85120249446504,2.0874044278723507,NA,72027.09368519169,5.09092294161396,11.798188961118996,58.228412490745605,33.8696059148362,38088.2419681451,NA,15920.3875127904,NA,11591.9386705031,1609.12020940401,0.8371414872886621,2.7966780926752697,30.231333633582697,740.340909071364,1245.36246108839,665.8611222865638,6.78625609623025,2.81395863954333,NA,183.14315683717496,7.384388523157269,2390.8442565523405,0.8072714143581773,1.5030291155545297,68.1435346178374,2085.0055718314707
85L,85,L,690398,4167212,690398_4167212,2,TRUE,71.18941497802734,NA,40530.300761889695,26.525240646276597,NA,281.9006789825939,1.89427035680872,NA,84052.22996700121,1.88504030446989,9.394367363074547,50.441624266871194,28.936894341125697,40290.5654593205,NA,13674.922245842605,NA,10951.064726729,1582.35510267613,0.759749329079045,2.3163558283361394,23.629878757137003,666.036345712027,1217.2694668721,0,3.4752692911081895,4.639070984722751,NA,172.34114313547303,6.256213718711301,1628.8928830953098,0.5697878265361722,1.42040775870779,64.612107584301,754.3567614577279
86L,86,L,690442,4167119,690442_4167119,2,TRUE,76.94342041015625,NA,39158.542411628805,26.284686930112496,NA,231.236759500611,2.9737089699360597,NA,95264.14347627368,7.236242011432062,12.3731158809059,50.7391714630249,33.1102452941428,40838.9790516374,NA,12747.3971467619,NA,10846.9836542012,2157.9463747537898,0.8562097444207861,2.0162636046777394,30.893739289682298,481.4863168869369,1127.8613203079497,1590.3541360930296,4.38065816616804,2.9372648225497597,NA,201.76468077577897,5.9944874449067695,2087.1484228355403,0.6083844436563639,1.45236702809358,68.5423630385375,3209.5313337001107
87L,87,L,692796,4167660,692796_4167660,2,TRUE,43,NA,48308.77141252959,62.95561208497881,NA,241.85794350690503,2.27207858744718,NA,53080.73783914751,2.6133053516264204,10.127658934266,63.85059748225069,31.7197384721914,54998.96686837841,NA,14408.9667998916,NA,9215.56919823722,1266.3076477884902,1.0274377633041898,1.93775250530048,27.1243958394073,668.5545867137549,1064.39678728759,0,11.246660181837097,3.61831702348585,NA,117.40932769481702,7.79728511866347,2692.5573028191006,0.574476710495436,1.27747768457476,80.42977760697158,1295.3649938260098
88L,88,L,692669,4167625,692669_4167625,2,TRUE,46.00041580200195,NA,45577.09627712051,60.166143257615595,NA,222.55142128827003,2.1461951488520006,NA,60809.0129123552,2.14934851462665,8.82535946597931,56.627499525419594,34.7896964105439,47100.542164939194,NA,13766.142566118104,NA,9459.776936689255,1226.75416975529,0.812471729969872,1.80939274360692,25.3557556084018,871.708679187442,976.408715850643,0,11.3794734242035,2.0011611533153504,NA,137.27050474890194,6.71096517406231,2549.21112361879,0.5351310934130962,1.33017565077204,74.26237340602128,1112.1030990104698
89L,89,L,692669,4167625,692669_4167625,2,TRUE,46.00041580200195,NA,45467.752913312506,57.54969767287349,NA,268.53651370374496,2.3023228246842193,NA,71741.8394095793,2.6175157514566108,9.386894316775722,58.65556645873849,37.18233884713172,44271.601503065496,NA,14924.8448625875,NA,10111.417407752602,1182.24773423306,0.8873587944313399,2.1782439269537393,25.743469770636196,925.8912466947849,1098.18418348191,0,12.077006914478002,2.4889676895202197,NA,165.33902359064598,7.337954210505458,2514.71380897936,0.57085976985289,1.4567982185785595,72.24347626129541,1028.1924639513095
90L,90,L,689885,4167013,689885_4167013,2,TRUE,77.09510040283203,NA,39409.722762832585,22.644940884595098,NA,249.574790510026,1.88076820063804,NA,68463.9230768677,3.18446930414001,10.188997363073398,49.8056492480271,32.6127947905174,54938.1952617971,NA,12981.4963011609,NA,10024.276450476402,3072.12523749982,0.702888037528646,2.047120042430471,26.534764915165297,621.2619961038109,2652.63236826088,435.851529721714,5.223178908228469,2.67035953767786,NA,163.228256765869,5.46466900895542,1783.95127377139,0.8524035135642241,1.6200495539727002,59.20018239737871,1315.94189982859
91L,91,L,692677,4167334,692677_4167334,2,TRUE,53.11492919921875,NA,40791.2695430575,58.82816828716891,NA,261.88967512962404,2.201297789157371,NA,89438.2075678547,3.67215575389441,9.33346594644336,50.168216497752,31.6884725616168,46353.0650285595,NA,13001.2162414452,NA,13379.1697173206,2255.8983833700704,0.8945221582966528,2.04868992625409,24.978554933887494,724.6064760561802,1488.47688462909,332.56799150760395,6.1217058551985595,4.111900873937729,NA,202.056988332826,6.445323503481141,1890.91911997276,0.5375604576685271,1.5078374244839,62.0131888455375,1373.97374326235
92L,92,L,692670,4167319,692670_4167319,2,TRUE,53.96383285522461,NA,36880.51856959091,32.844182624578,NA,244.116111414288,1.5185076306129,NA,94513.21782947968,2.7581123030602597,8.56712929401977,43.232339108324815,24.246383932617796,37833.3372707815,NA,11867.058691445698,NA,13611.5007249557,2003.0356291642404,0.44867669401951704,1.89370158862115,21.841098990132,766.087926654075,909.421748300907,0,6.3292573651399895,2.3587153045455995,NA,217.0059907293019,5.7550632063915605,1675.7372102974098,0.456616759458023,1.4423910107027698,48.57786053889219,973.954389675564
93L,93,L,692653,4167298,692653_4167298,2,TRUE,54.74333190917969,NA,42393.536742970995,196.788658880397,NA,290.057451205788,2.2181886819414904,NA,73136.13392539581,5.699599816135189,9.310449186679932,53.10708119138439,51.72342106266349,65022.7694983787,NA,13396.647593687096,NA,11062.2231607036,2526.5217642598,1.2129936521019895,1.99203852818136,23.505652437799295,885.1724298544799,3961.74165480005,380.53193567587795,37.0362557500444,5.107950739580759,NA,166.565667860243,7.412571313655439,2308.9430514724904,0.8121365609153208,1.7221010755296098,68.41406778612811,1918.48458886811
94L,94,L,690026,4167140,690026_4167140,2,TRUE,71.5982894897461,NA,31901.991803284407,85.41847719125128,NA,221.64776934972,4.59107546122307,NA,54071.46657174611,7.843010973766029,10.994318222941098,57.09164667124769,44.38117613128599,97620.5839941109,NA,10866.8129133912,NA,10457.4507080556,5708.534812817919,1.49180358074022,1.86240115864046,31.250670613717094,857.0913362161402,6491.223664343171,1496.15054282527,47.60022283509971,3.54930804695074,NA,137.777241437867,5.1569868831906,2655.1931279571704,1.9318382322820196,2.0222605737078396,68.4275843675165,3067.7619142338103
95L,95,L,690000,4167216,690000_4167216,2,TRUE,69.41102600097656,NA,35128.9314130681,66.94422759206202,NA,191.007333325716,5.243885191541231,NA,68682.30955973081,5.4264762353592495,9.630861129773228,55.877927963792686,34.15189605464858,76540.96443832899,NA,11074.1637610652,NA,11442.3832655891,3717.50258385494,1.1954739048019702,2.0702694257566994,26.648530737417897,762.326157948501,4348.452563919611,3727.7985240231096,32.6373313811964,3.1000512911069804,NA,155.519022839973,6.65885707417252,2600.02615926898,1.4347768489834798,1.9020604328506896,61.2417335100041,2050.6787154648496
97L,97,L,692955,4167689,692955_4167689,2,TRUE,42,NA,39863.4433146857,43.87934657939638,NA,261.6133775405039,1.5428313603490398,NA,82296.0022146468,2.0228544004785896,8.934124725490097,55.1612790366995,30.944322723176196,41572.37227531861,NA,13407.414885558,NA,10695.050133002398,1466.5519045683498,0.8743259272360451,2.30497177961321,23.20869927190159,841.4457337692991,1234.5097504022003,0,10.2286314788452,3.4847432685298703,NA,168.48624591320802,7.25784409343938,2605.09786407199,0.56106306868928,1.47689848034856,64.85027829611879,728.770461687963
98L,98,L,690055,4167070,690055_4167070,2,TRUE,74.9710693359375,NA,35380.901998523594,63.7877956124365,NA,195.127345444855,5.522085115178919,NA,69572.7261920505,5.43702632904983,9.706367162270164,55.42966289762239,33.71429915371009,73158.65935965601,NA,11104.440877872405,NA,11569.4925009273,3647.2732207681497,1.10858961189243,1.9378111223801096,27.02870658054779,725.7814710504022,4040.433903673441,2378.213776587471,30.6592170737454,3.6213999231113503,NA,153.74166956456895,6.227105333832849,2689.312757536011,1.4199224580900696,1.79289726465707,61.696531176536205,1981.60213476469
1N,1,N,694279,4169816,694279_4169816,7,TRUE,-1.79262375831604,2.79862259604893,23620.913648318896,300.68132502605397,0,312.801097146346,NA,0.10319616356398705,NA,24.227745390999797,11.660234648374,33.73253305656951,114.188463695541,68505.72861973502,34.098878344716304,NA,34.098878344716304,NA,3982.09400435508,0.770168005559553,NA,18.421666670576396,NA,6834.70040361818,NA,28.3866674448896,3.2471048817619312,18.27602322076359,2447.53055072894,NA,1664.89784248096,NA,1.7409684083270198,49.48149831439349,9767.574799260768
3N,3,N,694253,4169749,694253_4169749,5,TRUE,-1,0.302866046754037,21411.593444127804,92.76498462363011,0,237.951765856758,NA,0,NA,7.418604666568349,25.789663177075298,32.23412655579559,37.28135833786591,35503.84099820781,28.0648407449668,NA,28.0648407449668,NA,2075.90152048073,0.7398174343888941,NA,18.229734346462298,NA,1824.73459682196,NA,20.2849561844779,2.07975224080278,6.22113092647456,646.0862915763842,NA,1618.6363960597698,NA,0.965485561662504,47.60430604766609,2796.60145186243
5N,5,N,695587,4169085,695587_4169085,7,TRUE,0.9810053110122681,0,35615.212574695106,12.588683078602902,0,242.36542646711504,NA,0,NA,0.606607179194142,36.295937263350105,48.809870670904495,18.4358150513577,20728.789284574003,25.2357523106161,NA,25.2357523106161,NA,543.9193894080561,0.6551929303568701,NA,24.8553590229075,NA,142.32422426386697,NA,2.83136307086204,4.09821778792425,1.26911212634441,291.553830276049,NA,2905.6573568536705,NA,1.15088579643478,62.8322797469685,261.4523512679879
6N,6,N,695536,4169072,695536_4169072,7,TRUE,2.892885446548462,0,32079.42500122461,14.1405596493449,0,254.897062460022,NA,0,NA,0.6383370030577539,15.0649557985036,45.659726161252486,21.6966766063666,19776.520948749,30.04282027296299,NA,30.04282027296299,NA,548.438955496315,0.6861403998804448,NA,24.436036820837195,NA,207.81182698953305,NA,3.57658119378727,3.19261963195699,1.0929302936096796,478.471511925746,NA,2702.04869668245,NA,1.19395977742336,59.98774265548699,312.85450569652807
7N,7,N,695574,4169134,695574_4169134,7,TRUE,0.17387588322162628,0,6989.1802724442605,10.4226177306124,0,91.57126682685907,NA,0,NA,0.124215096179541,17.3190732744199,16.480208090330294,1.03309819943362,5281.328849656151,8.51012185193366,NA,8.51012185193366,NA,291.38431010491803,0.640703247723112,NA,8.80036881429219,NA,73.4215260224463,NA,1.2324997215131,1.72404393566535,0,502.4914180707089,NA,458.6571736387611,NA,4.67536569695007,18.6298906878378,101.252391975292
9N,9,N,696186,4169037,696186_4169037,7,TRUE,1,0,4294.17818331302,5.488399130893241,1.8880238212064504,33.0275124776309,NA,0,NA,0.393835784223994,8.00607222717816,7.86021131277244,4.15328221527974,4339.4131764802705,3.2320821080288193,NA,3.2320821080288193,NA,250.89368080404796,0.338973399141951,NA,9.63795133360873,NA,43.49830533603341,NA,0.657287099080584,0.5879619057406288,0,181.82448657199905,NA,447.426858629545,NA,0.29579510106294704,12.168332785724798,36.805478100921405
10N,10,N,696143,4168995,696143_4168995,7,TRUE,2,0.65259602537907,40130.55906949641,36.331276803825595,0,301.90073408453395,NA,0,NA,1.6990947931101497,28.776094771320995,52.27174487744619,23.722657530644895,26393.794078244,32.92442865567339,NA,32.92442865567339,NA,911.858435545379,0.741048191534143,NA,28.624175952236204,NA,1552.39235390603,NA,9.732438161231489,4.231279293210491,1.80780602117523,304.053963081247,NA,2939.5979924494804,NA,1.1533577084900002,69.69368027502959,669.9129744646821
1P,1,P,679199,4165024,679199_4165024,1,TRUE,15,NA,NA,NA,NA,NA,NA,NA,NA,NA,NA,NA,NA,NA,NA,NA,NA,NA,NA,NA,NA,NA,NA,NA,NA,NA,NA,NA,NA,NA,NA,NA,NA,NA,NA
2P,2,P,679270,4165010,679270_4165010,1,TRUE,15,NA,NA,NA,NA,NA,NA,NA,NA,NA,NA,NA,NA,NA,NA,NA,NA,NA,NA,NA,NA,NA,NA,NA,NA,NA,NA,NA,NA,NA,NA,NA,NA,NA,NA
3P,3,P,679487,4165075,679487_4165075,1,TRUE,16,NA,NA,NA,NA,NA,NA,NA,NA,NA,NA,NA,NA,NA,NA,NA,NA,NA,NA,NA,NA,NA,NA,NA,NA,NA,NA,NA,NA,NA,NA,NA,NA,NA,NA
4P,4,P,679451,4165085,679451_4165085,1,TRUE,17.56397247314453,NA,NA,NA,NA,NA,NA,NA,NA,NA,NA,NA,NA,NA,NA,NA,NA,NA,NA,NA,NA,NA,NA,NA,NA,NA,NA,NA,NA,NA,NA,NA,NA,NA,NA
5P,5,P,679491,4164890,679491_4164890,1,TRUE,12.671786308288574,NA,NA,NA,NA,NA,NA,NA,NA,NA,NA,NA,NA,NA,NA,NA,NA,NA,NA,NA,NA,NA,NA,NA,NA,NA,NA,NA,NA,NA,NA,NA,NA,NA,NA
6P,6,P,679516,4165140,679516_4165140,1,TRUE,18,NA,NA,NA,NA,NA,NA,NA,NA,NA,NA,NA,NA,NA,NA,NA,NA,NA,NA,NA,NA,NA,NA,NA,NA,NA,NA,NA,NA,NA,NA,NA,NA,NA,NA
7P,7,P,679354,4165240,679354_4165240,1,TRUE,20,NA,NA,NA,NA,NA,NA,NA,NA,NA,NA,NA,NA,NA,NA,NA,NA,NA,NA,NA,NA,NA,NA,NA,NA,NA,NA,NA,NA,NA,NA,NA,NA,NA,NA
8P,8,P,679364,4165021,679364_4165021,1,TRUE,16,NA,NA,NA,NA,NA,NA,NA,NA,NA,NA,NA,NA,NA,NA,NA,NA,NA,NA,NA,NA,NA,NA,NA,NA,NA,NA,NA,NA,NA,NA,NA,NA,NA,NA
10P,10,P,679411,4165083,679411_4165083,1,TRUE,17.60009765625,NA,NA,NA,NA,NA,NA,NA,NA,NA,NA,NA,NA,NA,NA,NA,NA,NA,NA,NA,NA,NA,NA,NA,NA,NA,NA,NA,NA,NA,NA,NA,NA,NA,NA
11P,11,P,679354,4165108,679354_4165108,1,TRUE,18,NA,NA,NA,NA,NA,NA,NA,NA,NA,NA,NA,NA,NA,NA,NA,NA,NA,NA,NA,NA,NA,NA,NA,NA,NA,NA,NA,NA,NA,NA,NA,NA,NA,NA
12P,12,P,679325,4165143,679325_4165143,1,TRUE,19,NA,NA,NA,NA,NA,NA,NA,NA,NA,NA,NA,NA,NA,NA,NA,NA,NA,NA,NA,NA,NA,NA,NA,NA,NA,NA,NA,NA,NA,NA,NA,NA,NA,NA
14P,14,P,679224,4165011,679224_4165011,1,TRUE,15,NA,NA,NA,NA,NA,NA,NA,NA,NA,NA,NA,NA,NA,NA,NA,NA,NA,NA,NA,NA,NA,NA,NA,NA,NA,NA,NA,NA,NA,NA,NA,NA,NA,NA
15P,15,P,679264,4165263,679264_4165263,1,TRUE,20,NA,NA,NA,NA,NA,NA,NA,NA,NA,NA,NA,NA,NA,NA,NA,NA,NA,NA,NA,NA,NA,NA,NA,NA,NA,NA,NA,NA,NA,NA,NA,NA,NA,NA
19P,19,P,679250,4165162,679250_4165162,1,TRUE,18,NA,NA,NA,NA,NA,NA,NA,NA,NA,NA,NA,NA,NA,NA,NA,NA,NA,NA,NA,NA,NA,NA,NA,NA,NA,NA,NA,NA,NA,NA,NA,NA,NA,NA
20P,20,P,679183,4165049,679183_4165049,1,TRUE,15.673861503601074,NA,NA,NA,NA,NA,NA,NA,NA,NA,NA,NA,NA,NA,NA,NA,NA,NA,NA,NA,NA,NA,NA,NA,NA,NA,NA,NA,NA,NA,NA,NA,NA,NA,NA
21P,21,P,679318,4165204,679318_4165204,1,TRUE,20,NA,NA,NA,NA,NA,NA,NA,NA,NA,NA,NA,NA,NA,NA,NA,NA,NA,NA,NA,NA,NA,NA,NA,NA,NA,NA,NA,NA,NA,NA,NA,NA,NA,NA
22P,22,P,679238,4165127,679238_4165127,1,TRUE,17.927270889282227,NA,NA,NA,NA,NA,NA,NA,NA,NA,NA,NA,NA,NA,NA,NA,NA,NA,NA,NA,NA,NA,NA,NA,NA,NA,NA,NA,NA,NA,NA,NA,NA,NA,NA
23P,23,P,679223,4165075,679223_4165075,1,TRUE,16,NA,NA,NA,NA,NA,NA,NA,NA,NA,NA,NA,NA,NA,NA,NA,NA,NA,NA,NA,NA,NA,NA,NA,NA,NA,NA,NA,NA,NA,NA,NA,NA,NA,NA
25P,25,P,679301,4165281,679301_4165281,1,TRUE,19.386526107788086,NA,NA,NA,NA,NA,NA,NA,NA,NA,NA,NA,NA,NA,NA,NA,NA,NA,NA,NA,NA,NA,NA,NA,NA,NA,NA,NA,NA,NA,NA,NA,NA,NA,NA
26P,26,P,679377,4165208,679377_4165208,1,TRUE,19,NA,NA,NA,NA,NA,NA,NA,NA,NA,NA,NA,NA,NA,NA,NA,NA,NA,NA,NA,NA,NA,NA,NA,NA,NA,NA,NA,NA,NA,NA,NA,NA,NA,NA
27P,27,P,679578,4165064,679578_4165064,1,TRUE,15.733949661254883,NA,NA,NA,NA,NA,NA,NA,NA,NA,NA,NA,NA,NA,NA,NA,NA,NA,NA,NA,NA,NA,NA,NA,NA,NA,NA,NA,NA,NA,NA,NA,NA,NA,NA
1S,1,S,692275,4166646,692275_4166646,3,TRUE,106.56040954589844,NA,NA,NA,NA,NA,NA,NA,NA,NA,NA,NA,NA,NA,NA,NA,NA,NA,NA,NA,NA,NA,NA,NA,NA,NA,NA,NA,NA,NA,NA,NA,NA,NA,NA
2S,2,S,692297,4166638,692297_4166638,3,TRUE,105.46031951904297,NA,NA,NA,NA,NA,NA,NA,NA,NA,NA,NA,NA,NA,NA,NA,NA,NA,NA,NA,NA,NA,NA,NA,NA,NA,NA,NA,NA,NA,NA,NA,NA,NA,NA
3S,3,S,692281,4166610,692281_4166610,3,TRUE,108.2488784790039,NA,NA,NA,NA,NA,NA,NA,NA,NA,NA,NA,NA,NA,NA,NA,NA,NA,NA,NA,NA,NA,NA,NA,NA,NA,NA,NA,NA,NA,NA,NA,NA,NA,NA
4S,4,S,692316,4166597,692316_4166597,3,TRUE,104.89070892333984,NA,NA,NA,NA,NA,NA,NA,NA,NA,NA,NA,NA,NA,NA,NA,NA,NA,NA,NA,NA,NA,NA,NA,NA,NA,NA,NA,NA,NA,NA,NA,NA,NA,NA
5S,5,S,692307,4166572,692307_4166572,3,TRUE,107.24285125732422,NA,NA,NA,NA,NA,NA,NA,NA,NA,NA,NA,NA,NA,NA,NA,NA,NA,NA,NA,NA,NA,NA,NA,NA,NA,NA,NA,NA,NA,NA,NA,NA,NA,NA
6S,6,S,692333,4166568,692333_4166568,3,TRUE,104.92860412597656,NA,NA,NA,NA,NA,NA,NA,NA,NA,NA,NA,NA,NA,NA,NA,NA,NA,NA,NA,NA,NA,NA,NA,NA,NA,NA,NA,NA,NA,NA,NA,NA,NA,NA
7S,7,S,692342,4166525,692342_4166525,3,TRUE,109.34703826904297,NA,NA,NA,NA,NA,NA,NA,NA,NA,NA,NA,NA,NA,NA,NA,NA,NA,NA,NA,NA,NA,NA,NA,NA,NA,NA,NA,NA,NA,NA,NA,NA,NA,NA
8S,8,S,692352,4166725,692352_4166725,3,TRUE,95.77583312988281,NA,NA,NA,NA,NA,NA,NA,NA,NA,NA,NA,NA,NA,NA,NA,NA,NA,NA,NA,NA,NA,NA,NA,NA,NA,NA,NA,NA,NA,NA,NA,NA,NA,NA
9S,9,S,692335,4166707,692335_4166707,3,TRUE,100.04808044433594,NA,NA,NA,NA,NA,NA,NA,NA,NA,NA,NA,NA,NA,NA,NA,NA,NA,NA,NA,NA,NA,NA,NA,NA,NA,NA,NA,NA,NA,NA,NA,NA,NA,NA
10S,10,S,692354,4166694,692354_4166694,3,TRUE,95.35652160644531,NA,NA,NA,NA,NA,NA,NA,NA,NA,NA,NA,NA,NA,NA,NA,NA,NA,NA,NA,NA,NA,NA,NA,NA,NA,NA,NA,NA,NA,NA,NA,NA,NA,NA
11S,11,S,692345,4166670,692345_4166670,3,TRUE,98.04927825927734,NA,NA,NA,NA,NA,NA,NA,NA,NA,NA,NA,NA,NA,NA,NA,NA,NA,NA,NA,NA,NA,NA,NA,NA,NA,NA,NA,NA,NA,NA,NA,NA,NA,NA
12S,12,S,692362,4166655,692362_4166655,3,TRUE,94.4233627319336,NA,NA,NA,NA,NA,NA,NA,NA,NA,NA,NA,NA,NA,NA,NA,NA,NA,NA,NA,NA,NA,NA,NA,NA,NA,NA,NA,NA,NA,NA,NA,NA,NA,NA
13S,13,S,692377,4166618,692377_4166618,3,TRUE,91.44013214111328,NA,NA,NA,NA,NA,NA,NA,NA,NA,NA,NA,NA,NA,NA,NA,NA,NA,NA,NA,NA,NA,NA,NA,NA,NA,NA,NA,NA,NA,NA,NA,NA,NA,NA
14S,14,S,692390,4166579,692390_4166579,3,TRUE,93.11400604248047,NA,NA,NA,NA,NA,NA,NA,NA,NA,NA,NA,NA,NA,NA,NA,NA,NA,NA,NA,NA,NA,NA,NA,NA,NA,NA,NA,NA,NA,NA,NA,NA,NA,NA
15S,15,S,692521,4166738,692521_4166738,3,TRUE,53.15039825439453,NA,NA,NA,NA,NA,NA,NA,NA,NA,NA,NA,NA,NA,NA,NA,NA,NA,NA,NA,NA,NA,NA,NA,NA,NA,NA,NA,NA,NA,NA,NA,NA,NA,NA
16S,16,S,692412,4166788,692412_4166788,3,TRUE,88.22710418701172,NA,NA,NA,NA,NA,NA,NA,NA,NA,NA,NA,NA,NA,NA,NA,NA,NA,NA,NA,NA,NA,NA,NA,NA,NA,NA,NA,NA,NA,NA,NA,NA,NA,NA
17S,17,S,692405,4166747,692405_4166747,3,TRUE,90.07099151611328,NA,NA,NA,NA,NA,NA,NA,NA,NA,NA,NA,NA,NA,NA,NA,NA,NA,NA,NA,NA,NA,NA,NA,NA,NA,NA,NA,NA,NA,NA,NA,NA,NA,NA
18S,18,S,692404,4166715,692404_4166715,3,TRUE,87.55689239501953,NA,NA,NA,NA,NA,NA,NA,NA,NA,NA,NA,NA,NA,NA,NA,NA,NA,NA,NA,NA,NA,NA,NA,NA,NA,NA,NA,NA,NA,NA,NA,NA,NA,NA
19S,19,S,692403,4166679,692403_4166679,3,TRUE,84.38555908203125,NA,NA,NA,NA,NA,NA,NA,NA,NA,NA,NA,NA,NA,NA,NA,NA,NA,NA,NA,NA,NA,NA,NA,NA,NA,NA,NA,NA,NA,NA,NA,NA,NA,NA
20S,20,S,692420,4166642,692420_4166642,3,TRUE,80.66566467285156,NA,NA,NA,NA,NA,NA,NA,NA,NA,NA,NA,NA,NA,NA,NA,NA,NA,NA,NA,NA,NA,NA,NA,NA,NA,NA,NA,NA,NA,NA,NA,NA,NA,NA
21S,21,S,692438,4166597,692438_4166597,3,TRUE,84.98717498779297,NA,NA,NA,NA,NA,NA,NA,NA,NA,NA,NA,NA,NA,NA,NA,NA,NA,NA,NA,NA,NA,NA,NA,NA,NA,NA,NA,NA,NA,NA,NA,NA,NA,NA
22S,22,S,692492,4166871,692492_4166871,3,TRUE,74.18010711669922,NA,NA,NA,NA,NA,NA,NA,NA,NA,NA,NA,NA,NA,NA,NA,NA,NA,NA,NA,NA,NA,NA,NA,NA,NA,NA,NA,NA,NA,NA,NA,NA,NA,NA
23S,23,S,692478,4166851,692478_4166851,3,TRUE,76.75606536865234,NA,NA,NA,NA,NA,NA,NA,NA,NA,NA,NA,NA,NA,NA,NA,NA,NA,NA,NA,NA,NA,NA,NA,NA,NA,NA,NA,NA,NA,NA,NA,NA,NA,NA
24S,24,S,692476,4166821,692476_4166821,3,TRUE,76.156158447265625,NA,NA,NA,NA,NA,NA,NA,NA,NA,NA,NA,NA,NA,NA,NA,NA,NA,NA,NA,NA,NA,NA,NA,NA,NA,NA,NA,NA,NA,NA,NA,NA,NA,NA
25S,25,S,692457,4166773,692457_4166773,3,TRUE,81.776092529296875,NA,NA,NA,NA,NA,NA,NA,NA,NA,NA,NA,NA,NA,NA,NA,NA,NA,NA,NA,NA,NA,NA,NA,NA,NA,NA,NA,NA,NA,NA,NA,NA,NA,NA
26S,26,S,692459,4166722,692459_4166722,3,TRUE,72.9578628540039,NA,NA,NA,NA,NA,NA,NA,NA,NA,NA,NA,NA,NA,NA,NA,NA,NA,NA,NA,NA,NA,NA,NA,NA,NA,NA,NA,NA,NA,NA,NA,NA,NA,NA
27S,27,S,692466,4166678,692466_4166678,3,TRUE,71.15148162841797,NA,NA,NA,NA,NA,NA,NA,NA,NA,NA,NA,NA,NA,NA,NA,NA,NA,NA,NA,NA,NA,NA,NA,NA,NA,NA,NA,NA,NA,NA,NA,NA,NA,NA
28S,28,S,692496,4166611,692496_4166611,3,TRUE,73.723480224609375,NA,NA,NA,NA,NA,NA,NA,NA,NA,NA,NA,NA,NA,NA,NA,NA,NA,NA,NA,NA,NA,NA,NA,NA,NA,NA,NA,NA,NA,NA,NA,NA,NA,NA
30S,30,S,692536,4166796,692536_4166796,3,TRUE,50.73073959350586,NA,NA,NA,NA,NA,NA,NA,NA,NA,NA,NA,NA,NA,NA,NA,NA,NA,NA,NA,NA,NA,NA,NA,NA,NA,NA,NA,NA,NA,NA,NA,NA,NA,NA
1T,1,T,679541,4165024,679541_4165024,1,TRUE,15,NA,NA,NA,NA,NA,NA,NA,NA,NA,NA,NA,NA,NA,NA,NA,NA,NA,NA,NA,NA,NA,NA,NA,NA,NA,NA,NA,NA,NA,NA,NA,NA,NA,NA
2T,2,T,679173,4165059,679173_4165059,1,TRUE,15.12016487121582,NA,NA,NA,NA,NA,NA,NA,NA,NA,NA,NA,NA,NA,NA,NA,NA,NA,NA,NA,NA,NA,NA,NA,NA,NA,NA,NA,NA,NA,NA,NA,NA,NA,NA
3T,3,T,679522,4165071,679522_4165071,1,TRUE,16,NA,NA,NA,NA,NA,NA,NA,NA,NA,NA,NA,NA,NA,NA,NA,NA,NA,NA,NA,NA,NA,NA,NA,NA,NA,NA,NA,NA,NA,NA,NA,NA,NA,NA
6T,6,T,679205,4165034,679205_4165034,1,TRUE,15.351726531982422,NA,NA,NA,NA,NA,NA,NA,NA,NA,NA,NA,NA,NA,NA,NA,NA,NA,NA,NA,NA,NA,NA,NA,NA,NA,NA,NA,NA,NA,NA,NA,NA,NA,NA
7T,7,T,679506,4165034,679506_4165034,1,TRUE,15,NA,NA,NA,NA,NA,NA,NA,NA,NA,NA,NA,NA,NA,NA,NA,NA,NA,NA,NA,NA,NA,NA,NA,NA,NA,NA,NA,NA,NA,NA,NA,NA,NA,NA
9T,9,T,679381,4164963,679381_4164963,1,TRUE,14.076239585876465,NA,NA,NA,NA,NA,NA,NA,NA,NA,NA,NA,NA,NA,NA,NA,NA,NA,NA,NA,NA,NA,NA,NA,NA,NA,NA,NA,NA,NA,NA,NA,NA,NA,NA
10T,10,T,679293,4165179,679293_4165179,1,TRUE,19,NA,NA,NA,NA,NA,NA,NA,NA,NA,NA,NA,NA,NA,NA,NA,NA,NA,NA,NA,NA,NA,NA,NA,NA,NA,NA,NA,NA,NA,NA,NA,NA,NA,NA
12T,12,T,679352,4164976,679352_4164976,1,TRUE,14.004609107971191,NA,NA,NA,NA,NA,NA,NA,NA,NA,NA,NA,NA,NA,NA,NA,NA,NA,NA,NA,NA,NA,NA,NA,NA,NA,NA,NA,NA,NA,NA,NA,NA,NA,NA
13T,13,T,679491,4165074,679491_4165074,1,TRUE,16,NA,NA,NA,NA,NA,NA,NA,NA,NA,NA,NA,NA,NA,NA,NA,NA,NA,NA,NA,NA,NA,NA,NA,NA,NA,NA,NA,NA,NA,NA,NA,NA,NA,NA
16T,16,T,679454,4165078,679454_4165078,1,TRUE,16.712215423583984,NA,NA,NA,NA,NA,NA,NA,NA,NA,NA,NA,NA,NA,NA,NA,NA,NA,NA,NA,NA,NA,NA,NA,NA,NA,NA,NA,NA,NA,NA,NA,NA,NA,NA
18T,18,T,679193,4165027,679193_4165027,1,TRUE,15,NA,NA,NA,NA,NA,NA,NA,NA,NA,NA,NA,NA,NA,NA,NA,NA,NA,NA,NA,NA,NA,NA,NA,NA,NA,NA,NA,NA,NA,NA,NA,NA,NA,NA
19T,19,T,679226,4165076,679226_4165076,1,TRUE,16,NA,NA,NA,NA,NA,NA,NA,NA,NA,NA,NA,NA,NA,NA,NA,NA,NA,NA,NA,NA,NA,NA,NA,NA,NA,NA,NA,NA,NA,NA,NA,NA,NA,NA
21T,21,T,679184,4165080,679184_4165080,1,TRUE,16,NA,NA,NA,NA,NA,NA,NA,NA,NA,NA,NA,NA,NA,NA,NA,NA,NA,NA,NA,NA,NA,NA,NA,NA,NA,NA,NA,NA,NA,NA,NA,NA,NA,NA
22T,22,T,679246,4165066,679246_4165066,1,TRUE,16,NA,NA,NA,NA,NA,NA,NA,NA,NA,NA,NA,NA,NA,NA,NA,NA,NA,NA,NA,NA,NA,NA,NA,NA,NA,NA,NA,NA,NA,NA,NA,NA,NA,NA
23T,23,T,679214,4165083,679214_4165083,1,TRUE,16,NA,NA,NA,NA,NA,NA,NA,NA,NA,NA,NA,NA,NA,NA,NA,NA,NA,NA,NA,NA,NA,NA,NA,NA,NA,NA,NA,NA,NA,NA,NA,NA,NA,NA
24T,24,T,679383,4165023,679383_4165023,1,TRUE,16,NA,NA,NA,NA,NA,NA,NA,NA,NA,NA,NA,NA,NA,NA,NA,NA,NA,NA,NA,NA,NA,NA,NA,NA,NA,NA,NA,NA,NA,NA,NA,NA,NA,NA
26T,26,T,679359,4165105,679359_4165105,1,TRUE,18,NA,NA,NA,NA,NA,NA,NA,NA,NA,NA,NA,NA,NA,NA,NA,NA,NA,NA,NA,NA,NA,NA,NA,NA,NA,NA,NA,NA,NA,NA,NA,NA,NA,NA
27T,27,T,679378,4165076,679378_4165076,1,TRUE,17,NA,NA,NA,NA,NA,NA,NA,NA,NA,NA,NA,NA,NA,NA,NA,NA,NA,NA,NA,NA,NA,NA,NA,NA,NA,NA,NA,NA,NA,NA,NA,NA,NA,NA
30T,30,T,679413,4165078,679413_4165078,1,TRUE,17,NA,NA,NA,NA,NA,NA,NA,NA,NA,NA,NA,NA,NA,NA,NA,NA,NA,NA,NA,NA,NA,NA,NA,NA,NA,NA,NA,NA,NA,NA,NA,NA,NA,NA
31T,31,T,679301,4165091,679301_4165091,1,TRUE,17.72648811340332,NA,NA,NA,NA,NA,NA,NA,NA,NA,NA,NA,NA,NA,NA,NA,NA,NA,NA,NA,NA,NA,NA,NA,NA,NA,NA,NA,NA,NA,NA,NA,NA,NA,NA
32T,32,T,679347,4165069,679347_4165069,1,TRUE,17,NA,NA,NA,NA,NA,NA,NA,NA,NA,NA,NA,NA,NA,NA,NA,NA,NA,NA,NA,NA,NA,NA,NA,NA,NA,NA,NA,NA,NA,NA,NA,NA,NA,NA
33T,33,T,679233,4165124,679233_4165124,1,TRUE,17,NA,NA,NA,NA,NA,NA,NA,NA,NA,NA,NA,NA,NA,NA,NA,NA,NA,NA,NA,NA,NA,NA,NA,NA,NA,NA,NA,NA,NA,NA,NA,NA,NA,NA
34T,34,T,679374,4165087,679374_4165087,1,TRUE,17.654273986816406,NA,NA,NA,NA,NA,NA,NA,NA,NA,NA,NA,NA,NA,NA,NA,NA,NA,NA,NA,NA,NA,NA,NA,NA,NA,NA,NA,NA,NA,NA,NA,NA,NA,NA
35T,35,T,679408,4165110,679408_4165110,1,TRUE,18.269269943237305,NA,NA,NA,NA,NA,NA,NA,NA,NA,NA,NA,NA,NA,NA,NA,NA,NA,NA,NA,NA,NA,NA,NA,NA,NA,NA,NA,NA,NA,NA,NA,NA,NA,NA
36T,36,T,679258,4165154,679258_4165154,1,TRUE,18.11157989501953,NA,NA,NA,NA,NA,NA,NA,NA,NA,NA,NA,NA,NA,NA,NA,NA,NA,NA,NA,NA,NA,NA,NA,NA,NA,NA,NA,NA,NA,NA,NA,NA,NA,NA
37T,37,T,679327,4165133,679327_4165133,1,TRUE,18.31732177734375,NA,NA,NA,NA,NA,NA,NA,NA,NA,NA,NA,NA,NA,NA,NA,NA,NA,NA,NA,NA,NA,NA,NA,NA,NA,NA,NA,NA,NA,NA,NA,NA,NA,NA
38T,38,T,679240,4165174,679240_4165174,1,TRUE,18.800832748413086,NA,NA,NA,NA,NA,NA,NA,NA,NA,NA,NA,NA,NA,NA,NA,NA,NA,NA,NA,NA,NA,NA,NA,NA,NA,NA,NA,NA,NA,NA,NA,NA,NA,NA
39T,39,T,679452,4165041,679452_4165041,1,TRUE,15.044833183288574,NA,NA,NA,NA,NA,NA,NA,NA,NA,NA,NA,NA,NA,NA,NA,NA,NA,NA,NA,NA,NA,NA,NA,NA,NA,NA,NA,NA,NA,NA,NA,NA,NA,NA
40T,40,T,679407,4165006,679407_4165006,1,TRUE,15.431639671325684,NA,NA,NA,NA,NA,NA,NA,NA,NA,NA,NA,NA,NA,NA,NA,NA,NA,NA,NA,NA,NA,NA,NA,NA,NA,NA,NA,NA,NA,NA,NA,NA,NA,NA
41T,41,T,679346,4165227,679346_4165227,1,TRUE,19.696054458618164,NA,NA,NA,NA,NA,NA,NA,NA,NA,NA,NA,NA,NA,NA,NA,NA,NA,NA,NA,NA,NA,NA,NA,NA,NA,NA,NA,NA,NA,NA,NA,NA,NA,NA
42T,42,T,679165,4165028,679165_4165028,1,TRUE,15,NA,NA,NA,NA,NA,NA,NA,NA,NA,NA,NA,NA,NA,NA,NA,NA,NA,NA,NA,NA,NA,NA,NA,NA,NA,NA,NA,NA,NA,NA,NA,NA,NA,NA
44T,44,T,679192,4165039,679192_4165039,1,TRUE,15.351726531982422,NA,NA,NA,NA,NA,NA,NA,NA,NA,NA,NA,NA,NA,NA,NA,NA,NA,NA,NA,NA,NA,NA,NA,NA,NA,NA,NA,NA,NA,NA,NA,NA,NA,NA
45T,45,T,679181,4165101,679181_4165101,1,TRUE,16,NA,NA,NA,NA,NA,NA,NA,NA,NA,NA,NA,NA,NA,NA,NA,NA,NA,NA,NA,NA,NA,NA,NA,NA,NA,NA,NA,NA,NA,NA,NA,NA,NA,NA
46T,46,T,679308,4165279,679308_4165279,1,TRUE,19.386526107788086,NA,NA,NA,NA,NA,NA,NA,NA,NA,NA,NA,NA,NA,NA,NA,NA,NA,NA,NA,NA,NA,NA,NA,NA,NA,NA,NA,NA,NA,NA,NA,NA,NA,NA
47T,47,T,679370,4165206,679370_4165206,1,TRUE,19,NA,NA,NA,NA,NA,NA,NA,NA,NA,NA,NA,NA,NA,NA,NA,NA,NA,NA,NA,NA,NA,NA,NA,NA,NA,NA,NA,NA,NA,NA,NA,NA,NA,NA
50T,50,T,679325,4165265,679325_4165265,1,TRUE,19.287260055541992,NA,NA,NA,NA,NA,NA,NA,NA,NA,NA,NA,NA,NA,NA,NA,NA,NA,NA,NA,NA,NA,NA,NA,NA,NA,NA,NA,NA,NA,NA,NA,NA,NA,NA
51T,51,T,679331,4164989,679331_4164989,1,TRUE,14.688232421875,NA,NA,NA,NA,NA,NA,NA,NA,NA,NA,NA,NA,NA,NA,NA,NA,NA,NA,NA,NA,NA,NA,NA,NA,NA,NA,NA,NA,NA,NA,NA,NA,NA,NA
60T,60,T,679231,4165033,679231_4165033,1,TRUE,15.481951713562012,NA,NA,NA,NA,NA,NA,NA,NA,NA,NA,NA,NA,NA,NA,NA,NA,NA,NA,NA,NA,NA,NA,NA,NA,NA,NA,NA,NA,NA,NA,NA,NA,NA,NA
61T,61,T,679200,4165022,679200_4165022,1,TRUE,15,NA,NA,NA,NA,NA,NA,NA,NA,NA,NA,NA,NA,NA,NA,NA,NA,NA,NA,NA,NA,NA,NA,NA,NA,NA,NA,NA,NA,NA,NA,NA,NA,NA,NA
64T,64,T,679228,4165012,679228_4165012,1,TRUE,15,NA,NA,NA,NA,NA,NA,NA,NA,NA,NA,NA,NA,NA,NA,NA,NA,NA,NA,NA,NA,NA,NA,NA,NA,NA,NA,NA,NA,NA,NA,NA,NA,NA,NA
65T,65,T,679260,4165232,679260_4165232,1,TRUE,20,NA,NA,NA,NA,NA,NA,NA,NA,NA,NA,NA,NA,NA,NA,NA,NA,NA,NA,NA,NA,NA,NA,NA,NA,NA,NA,NA,NA,NA,NA,NA,NA,NA,NA
300T,300,T,679292,4165047,679292_4165047,1,TRUE,16,NA,NA,NA,NA,NA,NA,NA,NA,NA,NA,NA,NA,NA,NA,NA,NA,NA,NA,NA,NA,NA,NA,NA,NA,NA,NA,NA,NA,NA,NA,NA,NA,NA,NA
1U,1,U,686891,4165322,686891_4165322,7,TRUE,106.92727661132812,0.4902613534575929,38799.8153410502,185.481464512117,0,463.029173489316,NA,0.671909047551531,NA,3.003320147481371,19.971725842005796,66.1131453414427,327.05735738759694,38940.44535289611,31.160185936621,NA,31.160185936621,NA,1712.2210212414,1.27358739141087,NA,20.554946130548,NA,1248.53904719897,NA,19.9162565938756,5.20603591333445,15.752140376363302,190.603636838105,NA,4422.47815406527,NA,1.91147612581309,78.7429229367301,1029.1375449696
2U,2,U,686879,4165291,686879_4165291,7,TRUE,108.29387664794922,0,27282.2743225314,24.0002597387135,0,231.45012062711905,NA,0,NA,2.0639151901108197,18.427291342359094,42.58331455633719,29.6839124028703,19596.158634557494,20.796847512071295,NA,20.796847512071295,NA,379.5429504881989,0.6540900504200061,NA,20.581655653897403,NA,291.55124150824895,NA,3.12780522401099,3.682391811301681,0.3960929707068401,285.422043436865,NA,2319.69685438535,NA,1.2558654866578298,53.55517231112321,436.46321912277193
4U,4,U,686889,4165690,686889_4165690,7,TRUE,94.5831527709961,0,8811.9165229315,61.553056307719,0,114.79126563313002,NA,0,NA,0.0290621138242882,25.689123622574197,20.814213552309894,3.0398465164721298,12509.175824217698,10.959761099720302,NA,10.959761099720302,NA,254.990033297249,3.2745840965309805,NA,19.489900744793797,NA,154,NA,0.617230256845787,1.88874176595481,0,396.767995865556,NA,550.9960260251389,NA,3.98750764910267,26.88334220323119,41.5644648508318
6U,6,U,686846,4165693,686846_4165693,7,TRUE,92.0131607055664,0.21831160279502404,8516.84872992614,38.24936293012601,0,94.77327580844847,NA,0,NA,0.09387175669225407,15.4505018264337,15.117995805450798,3.1617080177784302,9496.044046096193,8.28490491181038,NA,8.28490491181038,NA,281.827180002912,1.70788033496359,NA,10.961446157549604,NA,123.04233741633,NA,0.666028075382079,1.5964384586244498,0.360104944839273,355.68985993235606,NA,380.7916432442719,NA,3.49349852061534,19.354546998634294,41.1429804158188
7U,7,U,686866,4165705,686866_4165705,7,TRUE,93.05078125,0.192982965371281,43317.4210590057,45.333581207639696,0,2192.1286951460693,NA,0,NA,2.520637742161871,19.6103069031782,53.242074084078304,38.22471664959171,31633.723304739404,35.0767812379344,NA,35.0767812379344,NA,6298.13658124274,1.04412006609514,NA,29.888223280873493,NA,958.301756106865,NA,19.763896850378796,4.6225245486285775,5.60258817532387,304.91025891765594,NA,2829.28701590113,NA,2.0237912505931805,70.7603189832559,1236.9101856872503
8U,8,U,686823,4165659,686823_4165659,7,TRUE,93.25422668457031,0,8226.31403260177,71.66705289787079,0,155.87352224108696,NA,0,NA,0.03003086478952339,33.39272807342571,19.909140734371093,2.005878199116139,11606.280457171504,11.7893441917456,NA,11.7893441917456,NA,287.606132414343,3.1607836847139703,NA,17.109016821717898,NA,3.4920480377571694,NA,0.49062960135739,1.6477269450389398,0,435.714244922163,NA,531.5036173884749,NA,3.3007903510058503,24.390412293165493,29.027901022370703
10U,10,U,686838,4165979,686838_4165979,7,TRUE,85.00752258300781,2.92257201747955,39414.0228042726,184.557377293888,0,403.18482296031107,NA,0.6840441091538639,NA,15.6228934499181,31.7364794624683,58.47811763005191,99.4750672412994,60719.9656686364,35.83239570816271,NA,35.83239570816271,NA,1662.7484648107,1.1071097587581298,NA,47.346808939305994,NA,4116.276387343329,NA,30.7377578241168,5.90988297940586,39.68510324940421,187.667741457892,NA,4317.938595024739,NA,2.17919894091088,78.8962678283692,3922.7117501809103
12U,12,U,687516,4165338,687516_4165338,7,TRUE,121.14990234375,0,32744.6912439298,53.555035276384906,0,300.9061244184409,NA,0.0218181929175204,NA,1.32515242025236,17.6068739016208,46.9629993736678,28.817363163749004,28149.725961384695,31.863578947709797,NA,31.863578947709797,NA,873.908617248996,0.748703118051008,NA,20.798992025311296,NA,1016.19269720312,NA,13.4506107994931,3.91380584932753,5.231222805029051,428.068488916551,NA,2886.6881093456996,NA,1.4133574647714202,63.79392098689921,527.97227037547
14U,14,U,688185,4165734,688185_4165734,7,TRUE,132.00721740722656,5.311328283369421,30728.05024691559,474.124876972439,0,405.71771732162097,NA,2.1817343930071003,NA,14.3262319875694,25.1814629184625,45.62910673788771,290.999449813487,128880.806836698,37.32093832087711,NA,37.32093832087711,NA,5178.13719717147,1.4864723781129,NA,28.327355094952704,NA,20474.706327244003,NA,108.91789643306,5.07580257471723,41.3740311124817,175.75295417982298,NA,2751.50304169102,NA,2.4850345114195505,62.84836256284659,6856.3367194387
15U,15,U,688182,4165798,688182_4165798,7,TRUE,131.1870880126953,2.0315546951296395,27574.002228285495,655.1193091500671,0,248.750924932134,NA,2.16990343175435,NA,6.588363169769371,18.5304610536113,48.705178561983104,217.76711706788905,68596.91161442669,29.5642644745901,NA,29.5642644745901,NA,1932.7892596262905,1.5566387553505898,NA,27.0162193539521,NA,25056.714588674997,NA,136.06221525869702,3.5562793551408194,23.14187106661741,293.42387595487594,NA,2540.60246207305,NA,2.00897887602178,64.7125628568483,2431.0296877139695
17U,17,U,688406,4165762,688406_4165762,7,TRUE,142.1689453125,0,6555.423418335519,17.329337093328498,0,111.56052256000702,NA,0,NA,0.575219842181231,7.75165050712724,13.2425843620475,6.239329407518041,7658.458207748119,5.956250073671261,NA,5.956250073671261,NA,237.041401083868,0.446797860855935,NA,5.855268982329001,NA,386.23704821831393,NA,3.4722130053497495,1.51979002455313,0,588.1021480653089,NA,577.202332080599,NA,1.4151713681465,16.977345286973094,182.80537414981197
19U,19,U,687815,4165739,687815_4165739,7,TRUE,111.93767547607422,3.90770880615932,44919.11233049571,114.853173458104,0,294.770004994665,NA,0.41133406540412704,NA,6.958076806630199,20.825042083322092,61.133882352522704,78.80166909114843,57976.5793285309,46.771992548218,NA,46.771992548218,NA,3216.037912274081,0.978003336369376,NA,35.875108996694706,NA,5029.522125465733,NA,33.052596169506195,5.41128330186625,7.37993570165683,185.896231697045,NA,3467.56589279179,NA,1.51523758017454,77.30343403946918,2787.431434681561
20U,20,U,687775,4165746,687775_4165746,7,TRUE,110.87645721435547,0.0221555202293054,7923.04111588499,23.660538531318295,0,92.8532002297634,NA,0,NA,0.113141079705949,16.1913404876388,14.4154543845725,3.4559157303752697,6940.68438173562,7.122858615031929,NA,7.122858615031929,NA,319.813929061318,1.0944646581989697,NA,13.681077323098496,NA,5335.95085167865,NA,0.2629798967213,1.66876689475423,0.0306329146547893,316.819192192807,NA,347.90264373268195,NA,4.18979668923639,17.446428396017797,32.28529483290791
23U,23,U,687473,4165663,687473_4165663,7,TRUE,110.70414733886719,0,7846.558234464542,25.943430384957395,0,133.31111570273902,NA,0,NA,0.0323346313653499,22.02567983734729,18.491239727612,4.89135499345506,7464.323209479582,7.577795664280171,NA,7.577795664280171,NA,292.79613470447185,1.4074784760489998,NA,16.281594389021794,NA,14.8168124960421,NA,0.6384349678375288,1.90516351997288,0,380.801869526008,NA,553.011883111355,NA,3.627204641562131,24.778473344925494,28.7974216581624
24U,24,U,687501,4165684,687501_4165684,7,TRUE,110.88829040527344,0.112453831902874,34009.371294732104,11.474684612949805,0,242.69990952550697,NA,0,NA,0.171323020735723,32.11397508802791,36.749204563845794,58.43641822712091,18469.2354454723,37.0433535037582,NA,37.0433535037582,NA,310.651729172523,1.04829127897637,NA,16.387370390393897,NA,69.81133031328588,NA,0.833325269792472,3.23518678600918,1.0560450097562604,206.290155303932,NA,1671.8726014681802,NA,1.3135213467851998,44.89056395723609,75.98098085445778
26U,26,U,686164,4165000,686164_4165000,7,TRUE,113.53489685058594,0,47574.517280320906,80.6218259322473,0,351.9345518622589,NA,0.07542374242474913,NA,4.5781584311858,18.533750948268,67.0199213591938,69.80680860146418,36958.65026819511,36.32265030474,NA,36.32265030474,NA,777.5957765650052,0.939917067595138,NA,28.584275743616804,NA,956.400635458596,NA,11.6406480851033,5.228770379356109,9.51365830925342,202.077441398062,NA,4917.03343044859,NA,1.6420576383661802,86.08964490161691,1994.80381967172
28U,28,U,686458,4166094,686458_4166094,7,TRUE,78.868499755859375,0,15458.2184704816,17.8193035612036,0,209.191073755024,NA,0,NA,0.25062452500047705,24.7115145698749,26.514197059004804,7.327304752886759,12189.8952053532,20.582982906668896,NA,20.582982906668896,NA,565.591194574279,0.6955030719604849,NA,21.2056358216065,NA,151.2417994535,NA,2.6423246394036197,2.6869996118965003,0.01143974314568059,389.678366342136,NA,1149.5739162568996,NA,3.83395087272087,33.203574920775914,140.43104700483002
29U,29,U,686460,4166118,686460_4166118,7,TRUE,78.03485107421875,0.5644346388462229,41133.96889807881,94.4214257460693,0,504.32231701975104,NA,0.31534042879968105,NA,2.15507950025089,12.6611593699767,53.97172778464909,57.5649849303947,43825.9047954658,27.556410170394894,NA,27.556410170394894,NA,1889.63864019059,0.8225647292940679,NA,29.848624524703695,NA,2126.7051521495905,NA,14.8084988249938,5.3798354177111,13.5787588670123,230.35236767044904,NA,3375.4495352949702,NA,1.5253618884741995,75.2381070029701,1189.60222530008
30U,30,U,687012,4166181,687012_4166181,7,TRUE,83.54353332519531,0.501836039568311,38208.9965887335,65.52447899004599,0,540.1993113008812,NA,0.579764228521264,NA,2.16375573147419,19.9795721938076,67.7204161628401,405.157212299604,45595.33013954611,32.34767749999648,NA,32.34767749999648,NA,785.598515199952,1.61690852717281,NA,37.189872687466995,NA,4857.466760885381,NA,39.745618815034504,4.6288244898480695,3.2953175982097305,251.309932507048,NA,3532.93670825298,NA,1.2648558274716202,77.12238006724579,1068.37591416589
33U,33,U,687388,4166200,687388_4166200,7,TRUE,90.18115234375,0,8024.032073113341,26.028227905214,0,159.76166236840498,NA,0,NA,0.0431574983810882,29.2810401952427,19.7334846906172,6.06346072808965,7616.62948373024,6.994981341300569,NA,6.994981341300569,NA,298.43881860965894,1.3177889218161605,NA,18.9508785099117,NA,21.543717774046296,NA,0.6486502589451721,2.4052796525080997,0,404.948702514544,NA,588.875842405154,NA,3.74118230912172,25.6951114565364,31.552548424738895
34U,34,U,687580,4165968,687580_4165968,7,TRUE,99,1.28881349315185,42166.5868386673,82.08660126334861,0,631.390616071535,NA,0.07427632822778751,NA,1.4901154755185002,21.074538570739996,54.821518913293595,55.5473398014027,35166.9847132112,38.683299057355896,NA,38.683299057355896,NA,1802.63995305187,0.926119039737936,NA,33.86655143129329,NA,1996.10359075054,NA,14.335192542803002,3.7615820202654504,7.350074972440869,208.551658153873,NA,3294.11441917989,NA,1.22185215374279,76.36109273344249,789.2977720678803
35U,35,U,687554,4165684,687554_4165684,7,TRUE,112.46525573730469,0,7627.18075578063,24.5898761285703,0,147.46628123517198,NA,0,NA,0.0660107254242387,25.6134267439111,18.202259025544,5.67710393253736,6993.3844220336005,6.127311717570429,NA,6.127311717570429,NA,279.94893609889493,1.3168682893055,NA,17.473022280888795,NA,12.3258792854131,NA,0.5648960568851031,2.09231378108128,0,376.205212019375,NA,533.0992900412471,NA,3.4541121466531597,24.198444695502,25.7601447494895
36U,36,U,687313,4165729,687313_4165729,7,TRUE,102.9416275024414,0.522721507093667,46260.2686571315,33.0235253693844,0,407.75611121120886,NA,0,NA,0.9614558995834992,12.5299509314841,48.119472293959305,37.238618621183406,27667.518746017497,30.358878541318404,NA,30.358878541318404,NA,906.722096543806,0.7571119621202269,NA,21.057533771185295,NA,612.952552275071,NA,5.06615640813308,3.6246716883717,4.01702914887444,205.288034488148,NA,2184.6384991169693,NA,2.21408161962979,59.87395196125319,429.98212634513294
37U,37,U,687305,4165786,687305_4165786,7,TRUE,100.66771697998047,0,49603.162693548504,33.7986597079323,0,542.69457208323,NA,0,NA,0.8148747370389171,37.1075296415215,59.4122959061981,29.288844271369392,27262.4077300181,42.4850539399221,NA,42.4850539399221,NA,682.250287447335,0.718419102384716,NA,32.0956837578657,NA,428.17717807886993,NA,6.3953115502841795,5.33965664764951,4.041111506998879,215.265606015837,NA,3427.03632346473,NA,2.51815173497042,74.05347805763637,480.5383212511229
39U,39,U,686100,4165421,686100_4165421,7,TRUE,96.117706298828125,0,21541.1786055109,45.4229704476354,0,349.7214174367039,NA,0,NA,3.44830326419018,22.1272325972582,48.4188761068197,46.0579998641788,26257.685378191098,15.7988824590759,NA,15.7988824590759,NA,976.0145757121412,1.2725780827891695,NA,27.0235346235965,NA,998.035165171365,NA,5.65003130791411,3.2080284788243505,0.7919836496820128,352.93855121637887,NA,1524.88881965871,NA,1.0983613950803195,51.4749708875354,1577.1535235591398
40U,40,U,686098,4165402,686098_4165402,7,TRUE,96.94404602050781,0,36020.98011604981,33.50061135923749,0,327.81046426854397,NA,0,NA,2.5597483821108895,39.23278954782101,45.78131418926159,34.2166023156095,28087.9925772274,29.601226211869797,NA,29.601226211869797,NA,658.8561621355998,0.67671533617423,NA,24.762431589034794,NA,564.0082157830859,NA,4.660146785023191,4.3191654749117205,0.446825789358321,230.452670240944,NA,2271.60561039592,NA,1.15889866072773,59.7154232605492,1025.9314308318596
42U,42,U,687163,4165370,687163_4165370,7,TRUE,114,0.385497966503524,26283.004995568102,26.573876789944,0,218.638130761486,NA,0,NA,0.7591896721458031,16.1854609986959,34.29776117322199,18.932977511315897,21180.4655065574,21.0572126778435,NA,21.0572126778435,NA,461.1361590426828,0.8484330688253299,NA,16.395770299389895,NA,1245.74497537195,NA,7.836029433441602,2.2511317548738004,2.6994440140437894,221.16726502256097,NA,1527.15129513164,NA,0.8082744909141971,42.2853221510094,279.93180811270497
